Workbook
Name Slicer_Broad_Categories: #N/A

Sheet All_India_Index_Upto_April23__1
A1: Sector | B1: Year | C1: Month | D1: General index | E1: Categories | F1: Value | G1: Broad Categories
A2: Rural | B2: 2013 | C2: January | D2: 105.1 | E2: Cereals and products | F2: 107.5 | G2: =VLOOKUP(All_India_Index_Upto_April23__1_1[[#This Row],[Categories]],'Broad Categroies'!$A$1:$B$27,2,FALSE) -> Food And Beverages
A3: Rural | B3: 2013 | C3: January | D3: 105.1 | E3: Meat and fish | F3: 106.3 | G3: =VLOOKUP(All_India_Index_Upto_April23__1_1[[#This Row],[Categories]],'Broad Categroies'!$A$1:$B$27,2,FALSE) -> Food And Beverages
A4: Rural | B4: 2013 | C4: January | D4: 105.1 | E4: Egg | F4: 108.1 | G4: =VLOOKUP(All_India_Index_Upto_April23__1_1[[#This Row],[Categories]],'Broad Categroies'!$A$1:$B$27,2,FALSE) -> Food And Beverages
A5: Rural | B5: 2013 | C5: January | D5: 105.1 | E5: Milk and products | F5: 104.9 | G5: =VLOOKUP(All_India_Index_Upto_April23__1_1[[#This Row],[Categories]],'Broad Categroies'!$A$1:$B$27,2,FALSE) -> Food And Beverages
A6: Rural | B6: 2013 | C6: January | D6: 105.1 | E6: Oils and fats | F6: 106.1 | G6: =VLOOKUP(All_India_Index_Upto_April23__1_1[[#This Row],[Categories]],'Broad Categroies'!$A$1:$B$27,2,FALSE) -> Food And Beverages
A7: Rural | B7: 2013 | C7: January | D7: 105.1 | E7: Fruits | F7: 103.9 | G7: =VLOOKUP(All_India_Index_Upto_April23__1_1[[#This Row],[Categories]],'Broad Categroies'!$A$1:$B$27,2,FALSE) -> Food And Beverages
A8: Rural | B8: 2013 | C8: January | D8: 105.1 | E8: Vegetables | F8: 101.9 | G8: =VLOOKUP(All_India_Index_Upto_April23__1_1[[#This Row],[Categories]],'Broad Categroies'!$A$1:$B$27,2,FALSE) -> Food And Beverages
A9: Rural | B9: 2013 | C9: January | D9: 105.1 | E9: Pulses and products | F9: 106.1 | G9: =VLOOKUP(All_India_Index_Upto_April23__1_1[[#This Row],[Categories]],'Broad Categroies'!$A$1:$B$27,2,FALSE) -> Food And Beverages
A10: Rural | B10: 2013 | C10: January | D10: 105.1 | E10: Sugar and Confectionery | F10: 106.8 | G10: =VLOOKUP(All_India_Index_Upto_April23__1_1[[#This Row],[Categories]],'Broad Categroies'!$A$1:$B$27,2,FALSE) -> Food And Beverages
A11: Rural | B11: 2013 | C11: January | D11: 105.1 | E11: Spices | F11: 103.1 | G11: =VLOOKUP(All_India_Index_Upto_April23__1_1[[#This Row],[Categories]],'Broad Categroies'!$A$1:$B$27,2,FALSE) -> Food And Beverages
A12: Rural | B12: 2013 | C12: January | D12: 105.1 | E12: Non-alcoholic beverages | F12: 104.8 | G12: =VLOOKUP(All_India_Index_Upto_April23__1_1[[#This Row],[Categories]],'Broad Categroies'!$A$1:$B$27,2,FALSE) -> Food And Beverages
A13: Rural | B13: 2013 | C13: January | D13: 105.1 | E13: Prepared meals, snacks, sweets etc. | F13: 106.7 | G13: =VLOOKUP(All_India_Index_Upto_April23__1_1[[#This Row],[Categories]],'Broad Categroies'!$A$1:$B$27,2,FALSE) -> Food And Beverages
... A18: Rural | B18: 2013 | C18: January | D18: 105.1 | E18: Clothing and footwear | F18: 106.4 | G18: =VLOOKUP(All_India_Index_Upto_April23__1_1[[#This Row],[Categories]],'Broad Categroies'!$A$1:$B$27,2,FALSE) -> Clothing and Footwear
A19: Rural | B19: 2013 | C19: January | D19: 105.1 | E19: Housing | G19: =VLOOKUP(All_India_Index_Upto_April23__1_1[[#This Row],[Categories]],'Broad Categroies'!$A$1:$B$27,2,FALSE) -> Housing
A20: Rural | B20: 2013 | C20: January | D20: 105.1 | E20: Fuel and light | F20: 105.5 | G20: =VLOOKUP(All_India_Index_Upto_April23__1_1[[#This Row],[Categories]],'Broad Categroies'!$A$1:$B$27,2,FALSE) -> Fuel and Light
A21: Rural | B21: 2013 | C21: January | D21: 105.1 | E21: Household goods and services | F21: 104.8 | G21: =VLOOKUP(All_India_Index_Upto_April23__1_1[[#This Row],[Categories]],'Broad Categroies'!$A$1:$B$27,2,FALSE) -> Household Goods/Services
A22: Rural | B22: 2013 | C22: January | D22: 105.1 | E22: Health | F22: 104 | G22: =VLOOKUP(All_India_Index_Upto_April23__1_1[[#This Row],[Categories]],'Broad Categroies'!$A$1:$B$27,2,FALSE) -> Health
A23: Rural | B23: 2013 | C23: January | D23: 105.1 | E23: Transport and communication | F23: 103.3 | G23: =VLOOKUP(All_India_Index_Upto_April23__1_1[[#This Row],[Categories]],'Broad Categroies'!$A$1:$B$27,2,FALSE) -> Transport and Communication
A24: Rural | B24: 2013 | C24: January | D24: 105.1 | E24: Recreation and amusement | F24: 103.4 | G24: =VLOOKUP(All_India_Index_Upto_April23__1_1[[#This Row],[Categories]],'Broad Categroies'!$A$1:$B$27,2,FALSE) -> Recreation and Amusement
A25: Rural | B25: 2013 | C25: January | D25: 105.1 | E25: Education | F25: 103.8 | G25: =VLOOKUP(All_India_Index_Upto_April23__1_1[[#This Row],[Categories]],'Broad Categroies'!$A$1:$B$27,2,FALSE) -> Education
A26: Rural | B26: 2013 | C26: January | D26: 105.1 | E26: Personal care and effects | F26: 104.7 | G26: =VLOOKUP(All_India_Index_Upto_April23__1_1[[#This Row],[Categories]],'Broad Categroies'!$A$1:$B$27,2,FALSE) -> Personal Care/Effects
A27: Rural | B27: 2013 | C27: January | D27: 105.1 | E27: Miscellaneous | F27: 104 | G27: =VLOOKUP(All_India_Index_Upto_April23__1_1[[#This Row],[Categories]],'Broad Categroies'!$A$1:$B$27,2,FALSE) -> Miscellaneous
A28: Urban | B28: 2013 | C28: January | D28: 104 | E28: Cereals and products | F28: 110.5 | G28: =VLOOKUP(All_India_Index_Upto_April23__1_1[[#This Row],[Categories]],'Broad Categroies'!$A$1:$B$27,2,FALSE) -> Food And Beverages
A29: Urban | B29: 2013 | C29: January | D29: 104 | E29: Meat and fish | F29: 109.1 | G29: =VLOOKUP(All_India_Index_Upto_April23__1_1[[#This Row],[Categories]],'Broad Categroies'!$A$1:$B$27,2,FALSE) -> Food And Beverages
A30: Urban | B30: 2013 | C30: January | D30: 104 | E30: Egg | F30: 113 | G30: =VLOOKUP(All_India_Index_Upto_April23__1_1[[#This Row],[Categories]],'Broad Categroies'!$A$1:$B$27,2,FALSE) -> Food And Beverages
A31: Urban | B31: 2013 | C31: January | D31: 104 | E31: Milk and products | F31: 103.6 | G31: =VLOOKUP(All_India_Index_Upto_April23__1_1[[#This Row],[Categories]],'Broad Categroies'!$A$1:$B$27,2,FALSE) -> Food And Beverages
... A96: Rural | B96: 2013 | C96: February | D96: 105.8 | E96: Clothing and footwear | F96: 107 | G96: =VLOOKUP(All_India_Index_Upto_April23__1_1[[#This Row],[Categories]],'Broad Categroies'!$A$1:$B$27,2,FALSE) -> Clothing and Footwear
A97: Rural | B97: 2013 | C97: February | D97: 105.8 | E97: Housing | G97: =VLOOKUP(All_India_Index_Upto_April23__1_1[[#This Row],[Categories]],'Broad Categroies'!$A$1:$B$27,2,FALSE) -> Housing
A98: Rural | B98: 2013 | C98: February | D98: 105.8 | E98: Fuel and light | F98: 106.2 | G98: =VLOOKUP(All_India_Index_Upto_April23__1_1[[#This Row],[Categories]],'Broad Categroies'!$A$1:$B$27,2,FALSE) -> Fuel and Light
A99: Rural | B99: 2013 | C99: February | D99: 105.8 | E99: Household goods and services | F99: 105.2 | G99: =VLOOKUP(All_India_Index_Upto_April23__1_1[[#This Row],[Categories]],'Broad Categroies'!$A$1:$B$27,2,FALSE) -> Household Goods/Services
A100: Rural | B100: 2013 | C100: February | D100: 105.8 | E100: Health | F100: 104.4 | G100: =VLOOKUP(All_India_Index_Upto_April23__1_1[[#This Row],[Categories]],'Broad Categroies'!$A$1:$B$27,2,FALSE) -> Health
A101: Rural | B101: 2013 | C101: February | D101: 105.8 | E101: Transport and communication | F101: 103.9 | G101: =VLOOKUP(All_India_Index_Upto_April23__1_1[[#This Row],[Categories]],'Broad Categroies'!$A$1:$B$27,2,FALSE) -> Transport and Communication
A102: Rural | B102: 2013 | C102: February | D102: 105.8 | E102: Recreation and amusement | F102: 104 | G102: =VLOOKUP(All_India_Index_Upto_April23__1_1[[#This Row],[Categories]],'Broad Categroies'!$A$1:$B$27,2,FALSE) -> Recreation and Amusement
A103: Rural | B103: 2013 | C103: February | D103: 105.8 | E103: Education | F103: 104.1 | G103: =VLOOKUP(All_India_Index_Upto_April23__1_1[[#This Row],[Categories]],'Broad Categroies'!$A$1:$B$27,2,FALSE) -> Education
A104: Rural | B104: 2013 | C104: February | D104: 105.8 | E104: Personal care and effects | F104: 104.6 | G104: =VLOOKUP(All_India_Index_Upto_April23__1_1[[#This Row],[Categories]],'Broad Categroies'!$A$1:$B$27,2,FALSE) -> Personal Care/Effects
A105: Rural | B105: 2013 | C105: February | D105: 105.8 | E105: Miscellaneous | F105: 104.4 | G105: =VLOOKUP(All_India_Index_Upto_April23__1_1[[#This Row],[Categories]],'Broad Categroies'!$A$1:$B$27,2,FALSE) -> Miscellaneous
A106: Urban | B106: 2013 | C106: February | D106: 104.7 | E106: Cereals and products | F106: 112.9 | G106: =VLOOKUP(All_India_Index_Upto_April23__1_1[[#This Row],[Categories]],'Broad Categroies'!$A$1:$B$27,2,FALSE) -> Food And Beverages
A107: Urban | B107: 2013 | C107: February | D107: 104.7 | E107: Meat and fish | F107: 112.9 | G107: =VLOOKUP(All_India_Index_Upto_April23__1_1[[#This Row],[Categories]],'Broad Categroies'!$A$1:$B$27,2,FALSE) -> Food And Beverages
A108: Urban | B108: 2013 | C108: February | D108: 104.7 | E108: Egg | F108: 116.9 | G108: =VLOOKUP(All_India_Index_Upto_April23__1_1[[#This Row],[Categories]],'Broad Categroies'!$A$1:$B$27,2,FALSE) -> Food And Beverages
A109: Urban | B109: 2013 | C109: February | D109: 104.7 | E109: Milk and products | F109: 104 | G109: =VLOOKUP(All_India_Index_Upto_April23__1_1[[#This Row],[Categories]],'Broad Categroies'!$A$1:$B$27,2,FALSE) -> Food And Beverages
... A174: Rural | B174: 2013 | C174: March | D174: 106 | E174: Clothing and footwear | F174: 107.5 | G174: =VLOOKUP(All_India_Index_Upto_April23__1_1[[#This Row],[Categories]],'Broad Categroies'!$A$1:$B$27,2,FALSE) -> Clothing and Footwear
A175: Rural | B175: 2013 | C175: March | D175: 106 | E175: Housing | G175: =VLOOKUP(All_India_Index_Upto_April23__1_1[[#This Row],[Categories]],'Broad Categroies'!$A$1:$B$27,2,FALSE) -> Housing
A176: Rural | B176: 2013 | C176: March | D176: 106 | E176: Fuel and light | F176: 106.1 | G176: =VLOOKUP(All_India_Index_Upto_April23__1_1[[#This Row],[Categories]],'Broad Categroies'!$A$1:$B$27,2,FALSE) -> Fuel and Light
A177: Rural | B177: 2013 | C177: March | D177: 106 | E177: Household goods and services | F177: 105.6 | G177: =VLOOKUP(All_India_Index_Upto_April23__1_1[[#This Row],[Categories]],'Broad Categroies'!$A$1:$B$27,2,FALSE) -> Household Goods/Services
A178: Rural | B178: 2013 | C178: March | D178: 106 | E178: Health | F178: 104.7 | G178: =VLOOKUP(All_India_Index_Upto_April23__1_1[[#This Row],[Categories]],'Broad Categroies'!$A$1:$B$27,2,FALSE) -> Health
A179: Rural | B179: 2013 | C179: March | D179: 106 | E179: Transport and communication | F179: 104.6 | G179: =VLOOKUP(All_India_Index_Upto_April23__1_1[[#This Row],[Categories]],'Broad Categroies'!$A$1:$B$27,2,FALSE) -> Transport and Communication
A180: Rural | B180: 2013 | C180: March | D180: 106 | E180: Recreation and amusement | F180: 104 | G180: =VLOOKUP(All_India_Index_Upto_April23__1_1[[#This Row],[Categories]],'Broad Categroies'!$A$1:$B$27,2,FALSE) -> Recreation and Amusement
A181: Rural | B181: 2013 | C181: March | D181: 106 | E181: Education | F181: 104.3 | G181: =VLOOKUP(All_India_Index_Upto_April23__1_1[[#This Row],[Categories]],'Broad Categroies'!$A$1:$B$27,2,FALSE) -> Education
A182: Rural | B182: 2013 | C182: March | D182: 106 | E182: Personal care and effects | F182: 104.3 | G182: =VLOOKUP(All_India_Index_Upto_April23__1_1[[#This Row],[Categories]],'Broad Categroies'!$A$1:$B$27,2,FALSE) -> Personal Care/Effects
A183: Rural | B183: 2013 | C183: March | D183: 106 | E183: Miscellaneous | F183: 104.6 | G183: =VLOOKUP(All_India_Index_Upto_April23__1_1[[#This Row],[Categories]],'Broad Categroies'!$A$1:$B$27,2,FALSE) -> Miscellaneous
A184: Urban | B184: 2013 | C184: March | D184: 105 | E184: Cereals and products | F184: 113.9 | G184: =VLOOKUP(All_India_Index_Upto_April23__1_1[[#This Row],[Categories]],'Broad Categroies'!$A$1:$B$27,2,FALSE) -> Food And Beverages
A185: Urban | B185: 2013 | C185: March | D185: 105 | E185: Meat and fish | F185: 111.4 | G185: =VLOOKUP(All_India_Index_Upto_April23__1_1[[#This Row],[Categories]],'Broad Categroies'!$A$1:$B$27,2,FALSE) -> Food And Beverages
A186: Urban | B186: 2013 | C186: March | D186: 105 | E186: Egg | F186: 113.2 | G186: =VLOOKUP(All_India_Index_Upto_April23__1_1[[#This Row],[Categories]],'Broad Categroies'!$A$1:$B$27,2,FALSE) -> Food And Beverages
A187: Urban | B187: 2013 | C187: March | D187: 105 | E187: Milk and products | F187: 104.3 | G187: =VLOOKUP(All_India_Index_Upto_April23__1_1[[#This Row],[Categories]],'Broad Categroies'!$A$1:$B$27,2,FALSE) -> Food And Beverages
... A252: Rural | B252: 2013 | C252: April | D252: 106.4 | E252: Clothing and footwear | F252: 108 | G252: =VLOOKUP(All_India_Index_Upto_April23__1_1[[#This Row],[Categories]],'Broad Categroies'!$A$1:$B$27,2,FALSE) -> Clothing and Footwear
A253: Rural | B253: 2013 | C253: April | D253: 106.4 | E253: Housing | G253: =VLOOKUP(All_India_Index_Upto_April23__1_1[[#This Row],[Categories]],'Broad Categroies'!$A$1:$B$27,2,FALSE) -> Housing
A254: Rural | B254: 2013 | C254: April | D254: 106.4 | E254: Fuel and light | F254: 106.5 | G254: =VLOOKUP(All_India_Index_Upto_April23__1_1[[#This Row],[Categories]],'Broad Categroies'!$A$1:$B$27,2,FALSE) -> Fuel and Light
A255: Rural | B255: 2013 | C255: April | D255: 106.4 | E255: Household goods and services | F255: 106.1 | G255: =VLOOKUP(All_India_Index_Upto_April23__1_1[[#This Row],[Categories]],'Broad Categroies'!$A$1:$B$27,2,FALSE) -> Household Goods/Services
A256: Rural | B256: 2013 | C256: April | D256: 106.4 | E256: Health | F256: 105.1 | G256: =VLOOKUP(All_India_Index_Upto_April23__1_1[[#This Row],[Categories]],'Broad Categroies'!$A$1:$B$27,2,FALSE) -> Health
A257: Rural | B257: 2013 | C257: April | D257: 106.4 | E257: Transport and communication | F257: 104.4 | G257: =VLOOKUP(All_India_Index_Upto_April23__1_1[[#This Row],[Categories]],'Broad Categroies'!$A$1:$B$27,2,FALSE) -> Transport and Communication
A258: Rural | B258: 2013 | C258: April | D258: 106.4 | E258: Recreation and amusement | F258: 104.5 | G258: =VLOOKUP(All_India_Index_Upto_April23__1_1[[#This Row],[Categories]],'Broad Categroies'!$A$1:$B$27,2,FALSE) -> Recreation and Amusement
A259: Rural | B259: 2013 | C259: April | D259: 106.4 | E259: Education | F259: 104.8 | G259: =VLOOKUP(All_India_Index_Upto_April23__1_1[[#This Row],[Categories]],'Broad Categroies'!$A$1:$B$27,2,FALSE) -> Education
A260: Rural | B260: 2013 | C260: April | D260: 106.4 | E260: Personal care and effects | F260: 102.7 | G260: =VLOOKUP(All_India_Index_Upto_April23__1_1[[#This Row],[Categories]],'Broad Categroies'!$A$1:$B$27,2,FALSE) -> Personal Care/Effects
A261: Rural | B261: 2013 | C261: April | D261: 106.4 | E261: Miscellaneous | F261: 104.6 | G261: =VLOOKUP(All_India_Index_Upto_April23__1_1[[#This Row],[Categories]],'Broad Categroies'!$A$1:$B$27,2,FALSE) -> Miscellaneous
A262: Urban | B262: 2013 | C262: April | D262: 105.7 | E262: Cereals and products | F262: 114.6 | G262: =VLOOKUP(All_India_Index_Upto_April23__1_1[[#This Row],[Categories]],'Broad Categroies'!$A$1:$B$27,2,FALSE) -> Food And Beverages
A263: Urban | B263: 2013 | C263: April | D263: 105.7 | E263: Meat and fish | F263: 113.4 | G263: =VLOOKUP(All_India_Index_Upto_April23__1_1[[#This Row],[Categories]],'Broad Categroies'!$A$1:$B$27,2,FALSE) -> Food And Beverages
A264: Urban | B264: 2013 | C264: April | D264: 105.7 | E264: Egg | F264: 106 | G264: =VLOOKUP(All_India_Index_Upto_April23__1_1[[#This Row],[Categories]],'Broad Categroies'!$A$1:$B$27,2,FALSE) -> Food And Beverages
A265: Urban | B265: 2013 | C265: April | D265: 105.7 | E265: Milk and products | F265: 104.7 | G265: =VLOOKUP(All_India_Index_Upto_April23__1_1[[#This Row],[Categories]],'Broad Categroies'!$A$1:$B$27,2,FALSE) -> Food And Beverages
... A330: Rural | B330: 2013 | C330: May | D330: 107.2 | E330: Clothing and footwear | F330: 108.6 | G330: =VLOOKUP(All_India_Index_Upto_April23__1_1[[#This Row],[Categories]],'Broad Categroies'!$A$1:$B$27,2,FALSE) -> Clothing and Footwear
A331: Rural | B331: 2013 | C331: May | D331: 107.2 | E331: Housing | G331: =VLOOKUP(All_India_Index_Upto_April23__1_1[[#This Row],[Categories]],'Broad Categroies'!$A$1:$B$27,2,FALSE) -> Housing
A332: Rural | B332: 2013 | C332: May | D332: 107.2 | E332: Fuel and light | F332: 107.5 | G332: =VLOOKUP(All_India_Index_Upto_April23__1_1[[#This Row],[Categories]],'Broad Categroies'!$A$1:$B$27,2,FALSE) -> Fuel and Light
A333: Rural | B333: 2013 | C333: May | D333: 107.2 | E333: Household goods and services | F333: 106.8 | G333: =VLOOKUP(All_India_Index_Upto_April23__1_1[[#This Row],[Categories]],'Broad Categroies'!$A$1:$B$27,2,FALSE) -> Household Goods/Services
A334: Rural | B334: 2013 | C334: May | D334: 107.2 | E334: Health | F334: 105.7 | G334: =VLOOKUP(All_India_Index_Upto_April23__1_1[[#This Row],[Categories]],'Broad Categroies'!$A$1:$B$27,2,FALSE) -> Health
A335: Rural | B335: 2013 | C335: May | D335: 107.2 | E335: Transport and communication | F335: 104.1 | G335: =VLOOKUP(All_India_Index_Upto_April23__1_1[[#This Row],[Categories]],'Broad Categroies'!$A$1:$B$27,2,FALSE) -> Transport and Communication
A336: Rural | B336: 2013 | C336: May | D336: 107.2 | E336: Recreation and amusement | F336: 105 | G336: =VLOOKUP(All_India_Index_Upto_April23__1_1[[#This Row],[Categories]],'Broad Categroies'!$A$1:$B$27,2,FALSE) -> Recreation and Amusement
A337: Rural | B337: 2013 | C337: May | D337: 107.2 | E337: Education | F337: 105.5 | G337: =VLOOKUP(All_India_Index_Upto_April23__1_1[[#This Row],[Categories]],'Broad Categroies'!$A$1:$B$27,2,FALSE) -> Education
A338: Rural | B338: 2013 | C338: May | D338: 107.2 | E338: Personal care and effects | F338: 102.1 | G338: =VLOOKUP(All_India_Index_Upto_April23__1_1[[#This Row],[Categories]],'Broad Categroies'!$A$1:$B$27,2,FALSE) -> Personal Care/Effects
A339: Rural | B339: 2013 | C339: May | D339: 107.2 | E339: Miscellaneous | F339: 104.8 | G339: =VLOOKUP(All_India_Index_Upto_April23__1_1[[#This Row],[Categories]],'Broad Categroies'!$A$1:$B$27,2,FALSE) -> Miscellaneous
A340: Urban | B340: 2013 | C340: May | D340: 106.6 | E340: Cereals and products | F340: 115.4 | G340: =VLOOKUP(All_India_Index_Upto_April23__1_1[[#This Row],[Categories]],'Broad Categroies'!$A$1:$B$27,2,FALSE) -> Food And Beverages
A341: Urban | B341: 2013 | C341: May | D341: 106.6 | E341: Meat and fish | F341: 114.2 | G341: =VLOOKUP(All_India_Index_Upto_April23__1_1[[#This Row],[Categories]],'Broad Categroies'!$A$1:$B$27,2,FALSE) -> Food And Beverages
A342: Urban | B342: 2013 | C342: May | D342: 106.6 | E342: Egg | F342: 102.7 | G342: =VLOOKUP(All_India_Index_Upto_April23__1_1[[#This Row],[Categories]],'Broad Categroies'!$A$1:$B$27,2,FALSE) -> Food And Beverages
A343: Urban | B343: 2013 | C343: May | D343: 106.6 | E343: Milk and products | F343: 105.5 | G343: =VLOOKUP(All_India_Index_Upto_April23__1_1[[#This Row],[Categories]],'Broad Categroies'!$A$1:$B$27,2,FALSE) -> Food And Beverages
... A408: Rural | B408: 2013 | C408: June | D408: 108.9 | E408: Clothing and footwear | F408: 109.5 | G408: =VLOOKUP(All_India_Index_Upto_April23__1_1[[#This Row],[Categories]],'Broad Categroies'!$A$1:$B$27,2,FALSE) -> Clothing and Footwear
A409: Rural | B409: 2013 | C409: June | D409: 108.9 | E409: Housing | G409: =VLOOKUP(All_India_Index_Upto_April23__1_1[[#This Row],[Categories]],'Broad Categroies'!$A$1:$B$27,2,FALSE) -> Housing
A410: Rural | B410: 2013 | C410: June | D410: 108.9 | E410: Fuel and light | F410: 108.5 | G410: =VLOOKUP(All_India_Index_Upto_April23__1_1[[#This Row],[Categories]],'Broad Categroies'!$A$1:$B$27,2,FALSE) -> Fuel and Light
A411: Rural | B411: 2013 | C411: June | D411: 108.9 | E411: Household goods and services | F411: 107.5 | G411: =VLOOKUP(All_India_Index_Upto_April23__1_1[[#This Row],[Categories]],'Broad Categroies'!$A$1:$B$27,2,FALSE) -> Household Goods/Services
A412: Rural | B412: 2013 | C412: June | D412: 108.9 | E412: Health | F412: 106.3 | G412: =VLOOKUP(All_India_Index_Upto_April23__1_1[[#This Row],[Categories]],'Broad Categroies'!$A$1:$B$27,2,FALSE) -> Health
A413: Rural | B413: 2013 | C413: June | D413: 108.9 | E413: Transport and communication | F413: 105 | G413: =VLOOKUP(All_India_Index_Upto_April23__1_1[[#This Row],[Categories]],'Broad Categroies'!$A$1:$B$27,2,FALSE) -> Transport and Communication
A414: Rural | B414: 2013 | C414: June | D414: 108.9 | E414: Recreation and amusement | F414: 105.6 | G414: =VLOOKUP(All_India_Index_Upto_April23__1_1[[#This Row],[Categories]],'Broad Categroies'!$A$1:$B$27,2,FALSE) -> Recreation and Amusement
A415: Rural | B415: 2013 | C415: June | D415: 108.9 | E415: Education | F415: 106.5 | G415: =VLOOKUP(All_India_Index_Upto_April23__1_1[[#This Row],[Categories]],'Broad Categroies'!$A$1:$B$27,2,FALSE) -> Education
A416: Rural | B416: 2013 | C416: June | D416: 108.9 | E416: Personal care and effects | F416: 102.5 | G416: =VLOOKUP(All_India_Index_Upto_April23__1_1[[#This Row],[Categories]],'Broad Categroies'!$A$1:$B$27,2,FALSE) -> Personal Care/Effects
A417: Rural | B417: 2013 | C417: June | D417: 108.9 | E417: Miscellaneous | F417: 105.5 | G417: =VLOOKUP(All_India_Index_Upto_April23__1_1[[#This Row],[Categories]],'Broad Categroies'!$A$1:$B$27,2,FALSE) -> Miscellaneous
A418: Urban | B418: 2013 | C418: June | D418: 109.7 | E418: Cereals and products | F418: 117 | G418: =VLOOKUP(All_India_Index_Upto_April23__1_1[[#This Row],[Categories]],'Broad Categroies'!$A$1:$B$27,2,FALSE) -> Food And Beverages
A419: Urban | B419: 2013 | C419: June | D419: 109.7 | E419: Meat and fish | F419: 120.1 | G419: =VLOOKUP(All_India_Index_Upto_April23__1_1[[#This Row],[Categories]],'Broad Categroies'!$A$1:$B$27,2,FALSE) -> Food And Beverages
A420: Urban | B420: 2013 | C420: June | D420: 109.7 | E420: Egg | F420: 112.5 | G420: =VLOOKUP(All_India_Index_Upto_April23__1_1[[#This Row],[Categories]],'Broad Categroies'!$A$1:$B$27,2,FALSE) -> Food And Beverages
A421: Urban | B421: 2013 | C421: June | D421: 109.7 | E421: Milk and products | F421: 107.3 | G421: =VLOOKUP(All_India_Index_Upto_April23__1_1[[#This Row],[Categories]],'Broad Categroies'!$A$1:$B$27,2,FALSE) -> Food And Beverages
... A486: Rural | B486: 2013 | C486: July | D486: 110.7 | E486: Clothing and footwear | F486: 110.3 | G486: =VLOOKUP(All_India_Index_Upto_April23__1_1[[#This Row],[Categories]],'Broad Categroies'!$A$1:$B$27,2,FALSE) -> Clothing and Footwear
A487: Rural | B487: 2013 | C487: July | D487: 110.7 | E487: Housing | G487: =VLOOKUP(All_India_Index_Upto_April23__1_1[[#This Row],[Categories]],'Broad Categroies'!$A$1:$B$27,2,FALSE) -> Housing
A488: Rural | B488: 2013 | C488: July | D488: 110.7 | E488: Fuel and light | F488: 109.5 | G488: =VLOOKUP(All_India_Index_Upto_April23__1_1[[#This Row],[Categories]],'Broad Categroies'!$A$1:$B$27,2,FALSE) -> Fuel and Light
...

Sheet Broad Categroies
A1: Categories | B1: Broad Categories
A2: Cereals and products | B2: Food And Beverages
A3: Meat and fish | B3: Food And Beverages
A4: Egg | B4: Food And Beverages
A5: Milk and products | B5: Food And Beverages
A6: Oils and fats | B6: Food And Beverages
A7: Fruits | B7: Food And Beverages
A8: Vegetables | B8: Food And Beverages
A9: Pulses and products | B9: Food And Beverages
A10: Sugar and Confectionery | B10: Food And Beverages
A11: Spices | B11: Food And Beverages
A12: Non-alcoholic beverages | B12: Food And Beverages
... A22: Health | B22: Health
A23: Transport and communication | B23: Transport and Communication | E23: w
A24: Recreation and amusement | B24: Recreation and Amusement
A25: Education | B25: Education
A26: Personal care and effects | B26: Personal Care/Effects
A27: Miscellaneous | B27: Miscellaneous

Sheet Helper
A1: Sector | B1: Year | C1: Month | D1: General index | E1: Categories | F1: Value | G1: Broad Categories
A2: Rural | B2: 2013 | C2: January | D2: 105.1 | E2: Cereals and products | F2: 107.5 | G2: Food And Beverages
A3: Rural | B3: 2013 | C3: January | D3: 105.1 | E3: Meat and fish | F3: 106.3 | G3: Food And Beverages
A4: Rural | B4: 2013 | C4: January | D4: 105.1 | E4: Egg | F4: 108.1 | G4: Food And Beverages
A5: Rural | B5: 2013 | C5: January | D5: 105.1 | E5: Milk and products | F5: 104.9 | G5: Food And Beverages
A6: Rural | B6: 2013 | C6: January | D6: 105.1 | E6: Oils and fats | F6: 106.1 | G6: Food And Beverages
A7: Rural | B7: 2013 | C7: January | D7: 105.1 | E7: Fruits | F7: 103.9 | G7: Food And Beverages
A8: Rural | B8: 2013 | C8: January | D8: 105.1 | E8: Vegetables | F8: 101.9 | G8: Food And Beverages
A9: Rural | B9: 2013 | C9: January | D9: 105.1 | E9: Pulses and products | F9: 106.1 | G9: Food And Beverages
A10: Rural | B10: 2013 | C10: January | D10: 105.1 | E10: Sugar and Confectionery | F10: 106.8 | G10: Food And Beverages
A11: Rural | B11: 2013 | C11: January | D11: 105.1 | E11: Spices | F11: 103.1 | G11: Food And Beverages
A12: Rural | B12: 2013 | C12: January | D12: 105.1 | E12: Non-alcoholic beverages | F12: 104.8 | G12: Food And Beverages
A13: Rural | B13: 2013 | C13: January | D13: 105.1 | E13: Prepared meals, snacks, sweets etc. | F13: 106.7 | G13: Food And Beverages
... A18: Rural | B18: 2013 | C18: January | D18: 105.1 | E18: Clothing and footwear | F18: 106.4 | G18: Clothing and Footwear
A19: Rural | B19: 2013 | C19: January | D19: 105.1 | E19: Housing | G19: Housing
A20: Rural | B20: 2013 | C20: January | D20: 105.1 | E20: Fuel and light | F20: 105.5 | G20: Fuel and Light
A21: Rural | B21: 2013 | C21: January | D21: 105.1 | E21: Household goods and services | F21: 104.8 | G21: Household Goods/Services
A22: Rural | B22: 2013 | C22: January | D22: 105.1 | E22: Health | F22: 104 | G22: Health
A23: Rural | B23: 2013 | C23: January | D23: 105.1 | E23: Transport and communication | F23: 103.3 | G23: Transport and Communication
A24: Rural | B24: 2013 | C24: January | D24: 105.1 | E24: Recreation and amusement | F24: 103.4 | G24: Recreation and Amusement
A25: Rural | B25: 2013 | C25: January | D25: 105.1 | E25: Education | F25: 103.8 | G25: Education
A26: Rural | B26: 2013 | C26: January | D26: 105.1 | E26: Personal care and effects | F26: 104.7 | G26: Personal Care/Effects
A27: Rural | B27: 2013 | C27: January | D27: 105.1 | E27: Miscellaneous | F27: 104 | G27: Miscellaneous
A28: Urban | B28: 2013 | C28: January | D28: 104 | E28: Cereals and products | F28: 110.5 | G28: Food And Beverages
A29: Urban | B29: 2013 | C29: January | D29: 104 | E29: Meat and fish | F29: 109.1 | G29: Food And Beverages
A30: Urban | B30: 2013 | C30: January | D30: 104 | E30: Egg | F30: 113 | G30: Food And Beverages
A31: Urban | B31: 2013 | C31: January | D31: 104 | E31: Milk and products | F31: 103.6 | G31: Food And Beverages
... A96: Rural | B96: 2013 | C96: February | D96: 105.8 | E96: Clothing and footwear | F96: 107 | G96: Clothing and Footwear
A97: Rural | B97: 2013 | C97: February | D97: 105.8 | E97: Housing | G97: Housing
A98: Rural | B98: 2013 | C98: February | D98: 105.8 | E98: Fuel and light | F98: 106.2 | G98: Fuel and Light
A99: Rural | B99: 2013 | C99: February | D99: 105.8 | E99: Household goods and services | F99: 105.2 | G99: Household Goods/Services
A100: Rural | B100: 2013 | C100: February | D100: 105.8 | E100: Health | F100: 104.4 | G100: Health
A101: Rural | B101: 2013 | C101: February | D101: 105.8 | E101: Transport and communication | F101: 103.9 | G101: Transport and Communication
A102: Rural | B102: 2013 | C102: February | D102: 105.8 | E102: Recreation and amusement | F102: 104 | G102: Recreation and Amusement
A103: Rural | B103: 2013 | C103: February | D103: 105.8 | E103: Education | F103: 104.1 | G103: Education
A104: Rural | B104: 2013 | C104: February | D104: 105.8 | E104: Personal care and effects | F104: 104.6 | G104: Personal Care/Effects
A105: Rural | B105: 2013 | C105: February | D105: 105.8 | E105: Miscellaneous | F105: 104.4 | G105: Miscellaneous
A106: Urban | B106: 2013 | C106: February | D106: 104.7 | E106: Cereals and products | F106: 112.9 | G106: Food And Beverages
A107: Urban | B107: 2013 | C107: February | D107: 104.7 | E107: Meat and fish | F107: 112.9 | G107: Food And Beverages
A108: Urban | B108: 2013 | C108: February | D108: 104.7 | E108: Egg | F108: 116.9 | G108: Food And Beverages
A109: Urban | B109: 2013 | C109: February | D109: 104.7 | E109: Milk and products | F109: 104 | G109: Food And Beverages
... A174: Rural | B174: 2013 | C174: March | D174: 106 | E174: Clothing and footwear | F174: 107.5 | G174: Clothing and Footwear
A175: Rural | B175: 2013 | C175: March | D175: 106 | E175: Housing | G175: Housing
A176: Rural | B176: 2013 | C176: March | D176: 106 | E176: Fuel and light | F176: 106.1 | G176: Fuel and Light
A177: Rural | B177: 2013 | C177: March | D177: 106 | E177: Household goods and services | F177: 105.6 | G177: Household Goods/Services
A178: Rural | B178: 2013 | C178: March | D178: 106 | E178: Health | F178: 104.7 | G178: Health
A179: Rural | B179: 2013 | C179: March | D179: 106 | E179: Transport and communication | F179: 104.6 | G179: Transport and Communication
A180: Rural | B180: 2013 | C180: March | D180: 106 | E180: Recreation and amusement | F180: 104 | G180: Recreation and Amusement
A181: Rural | B181: 2013 | C181: March | D181: 106 | E181: Education | F181: 104.3 | G181: Education
A182: Rural | B182: 2013 | C182: March | D182: 106 | E182: Personal care and effects | F182: 104.3 | G182: Personal Care/Effects
A183: Rural | B183: 2013 | C183: March | D183: 106 | E183: Miscellaneous | F183: 104.6 | G183: Miscellaneous
A184: Urban | B184: 2013 | C184: March | D184: 105 | E184: Cereals and products | F184: 113.9 | G184: Food And Beverages
A185: Urban | B185: 2013 | C185: March | D185: 105 | E185: Meat and fish | F185: 111.4 | G185: Food And Beverages
A186: Urban | B186: 2013 | C186: March | D186: 105 | E186: Egg | F186: 113.2 | G186: Food And Beverages
A187: Urban | B187: 2013 | C187: March | D187: 105 | E187: Milk and products | F187: 104.3 | G187: Food And Beverages
... A252: Rural | B252: 2013 | C252: April | D252: 106.4 | E252: Clothing and footwear | F252: 108 | G252: Clothing and Footwear
A253: Rural | B253: 2013 | C253: April | D253: 106.4 | E253: Housing | G253: Housing
A254: Rural | B254: 2013 | C254: April | D254: 106.4 | E254: Fuel and light | F254: 106.5 | G254: Fuel and Light
A255: Rural | B255: 2013 | C255: April | D255: 106.4 | E255: Household goods and services | F255: 106.1 | G255: Household Goods/Services
A256: Rural | B256: 2013 | C256: April | D256: 106.4 | E256: Health | F256: 105.1 | G256: Health
A257: Rural | B257: 2013 | C257: April | D257: 106.4 | E257: Transport and communication | F257: 104.4 | G257: Transport and Communication
A258: Rural | B258: 2013 | C258: April | D258: 106.4 | E258: Recreation and amusement | F258: 104.5 | G258: Recreation and Amusement
A259: Rural | B259: 2013 | C259: April | D259: 106.4 | E259: Education | F259: 104.8 | G259: Education
A260: Rural | B260: 2013 | C260: April | D260: 106.4 | E260: Personal care and effects | F260: 102.7 | G260: Personal Care/Effects
A261: Rural | B261: 2013 | C261: April | D261: 106.4 | E261: Miscellaneous | F261: 104.6 | G261: Miscellaneous
A262: Urban | B262: 2013 | C262: April | D262: 105.7 | E262: Cereals and products | F262: 114.6 | G262: Food And Beverages
A263: Urban | B263: 2013 | C263: April | D263: 105.7 | E263: Meat and fish | F263: 113.4 | G263: Food And Beverages
A264: Urban | B264: 2013 | C264: April | D264: 105.7 | E264: Egg | F264: 106 | G264: Food And Beverages
A265: Urban | B265: 2013 | C265: April | D265: 105.7 | E265: Milk and products | F265: 104.7 | G265: Food And Beverages
... A330: Rural | B330: 2013 | C330: May | D330: 107.2 | E330: Clothing and footwear | F330: 108.6 | G330: Clothing and Footwear
A331: Rural | B331: 2013 | C331: May | D331: 107.2 | E331: Housing | G331: Housing
A332: Rural | B332: 2013 | C332: May | D332: 107.2 | E332: Fuel and light | F332: 107.5 | G332: Fuel and Light
A333: Rural | B333: 2013 | C333: May | D333: 107.2 | E333: Household goods and services | F333: 106.8 | G333: Household Goods/Services
A334: Rural | B334: 2013 | C334: May | D334: 107.2 | E334: Health | F334: 105.7 | G334: Health
A335: Rural | B335: 2013 | C335: May | D335: 107.2 | E335: Transport and communication | F335: 104.1 | G335: Transport and Communication
A336: Rural | B336: 2013 | C336: May | D336: 107.2 | E336: Recreation and amusement | F336: 105 | G336: Recreation and Amusement
A337: Rural | B337: 2013 | C337: May | D337: 107.2 | E337: Education | F337: 105.5 | G337: Education
A338: Rural | B338: 2013 | C338: May | D338: 107.2 | E338: Personal care and effects | F338: 102.1 | G338: Personal Care/Effects
A339: Rural | B339: 2013 | C339: May | D339: 107.2 | E339: Miscellaneous | F339: 104.8 | G339: Miscellaneous
A340: Urban | B340: 2013 | C340: May | D340: 106.6 | E340: Cereals and products | F340: 115.4 | G340: Food And Beverages
A341: Urban | B341: 2013 | C341: May | D341: 106.6 | E341: Meat and fish | F341: 114.2 | G341: Food And Beverages
A342: Urban | B342: 2013 | C342: May | D342: 106.6 | E342: Egg | F342: 102.7 | G342: Food And Beverages
A343: Urban | B343: 2013 | C343: May | D343: 106.6 | E343: Milk and products | F343: 105.5 | G343: Food And Beverages
... A408: Rural | B408: 2013 | C408: June | D408: 108.9 | E408: Clothing and footwear | F408: 109.5 | G408: Clothing and Footwear
A409: Rural | B409: 2013 | C409: June | D409: 108.9 | E409: Housing | G409: Housing
A410: Rural | B410: 2013 | C410: June | D410: 108.9 | E410: Fuel and light | F410: 108.5 | G410: Fuel and Light
A411: Rural | B411: 2013 | C411: June | D411: 108.9 | E411: Household goods and services | F411: 107.5 | G411: Household Goods/Services
A412: Rural | B412: 2013 | C412: June | D412: 108.9 | E412: Health | F412: 106.3 | G412: Health
A413: Rural | B413: 2013 | C413: June | D413: 108.9 | E413: Transport and communication | F413: 105 | G413: Transport and Communication
A414: Rural | B414: 2013 | C414: June | D414: 108.9 | E414: Recreation and amusement | F414: 105.6 | G414: Recreation and Amusement
A415: Rural | B415: 2013 | C415: June | D415: 108.9 | E415: Education | F415: 106.5 | G415: Education
A416: Rural | B416: 2013 | C416: June | D416: 108.9 | E416: Personal care and effects | F416: 102.5 | G416: Personal Care/Effects
A417: Rural | B417: 2013 | C417: June | D417: 108.9 | E417: Miscellaneous | F417: 105.5 | G417: Miscellaneous
A418: Urban | B418: 2013 | C418: June | D418: 109.7 | E418: Cereals and products | F418: 117 | G418: Food And Beverages
A419: Urban | B419: 2013 | C419: June | D419: 109.7 | E419: Meat and fish | F419: 120.1 | G419: Food And Beverages
A420: Urban | B420: 2013 | C420: June | D420: 109.7 | E420: Egg | F420: 112.5 | G420: Food And Beverages
A421: Urban | B421: 2013 | C421: June | D421: 109.7 | E421: Milk and products | F421: 107.3 | G421: Food And Beverages
... A486: Rural | B486: 2013 | C486: July | D486: 110.7 | E486: Clothing and footwear | F486: 110.3 | G486: Clothing and Footwear
A487: Rural | B487: 2013 | C487: July | D487: 110.7 | E487: Housing | G487: Housing
A488: Rural | B488: 2013 | C488: July | D488: 110.7 | E488: Fuel and light | F488: 109.5 | G488: Fuel and Light
...

Sheet Q1 Helper
A1: Sector | B1: Year | C1: Month | D1: General index | E1: Categories | F1: Value | G1: Broad Categories
A2: Rural | B2: 2023 | C2: May | D2: 179.8 | E2: Cereals and products | F2: 173.2 | G2: Food And Beverages
A3: Rural | B3: 2023 | C3: May | D3: 179.8 | E3: Meat and fish | F3: 211.5 | G3: Food And Beverages
A4: Rural | B4: 2023 | C4: May | D4: 179.8 | E4: Egg | F4: 171 | G4: Food And Beverages
A5: Rural | B5: 2023 | C5: May | D5: 179.8 | E5: Milk and products | F5: 179.6 | G5: Food And Beverages
A6: Rural | B6: 2023 | C6: May | D6: 179.8 | E6: Oils and fats | F6: 173.3 | G6: Food And Beverages
A7: Rural | B7: 2023 | C7: May | D7: 179.8 | E7: Fruits | F7: 169 | G7: Food And Beverages
A8: Rural | B8: 2023 | C8: May | D8: 179.8 | E8: Vegetables | F8: 148.7 | G8: Food And Beverages
A9: Rural | B9: 2023 | C9: May | D9: 179.8 | E9: Pulses and products | F9: 174.9 | G9: Food And Beverages
A10: Rural | B10: 2023 | C10: May | D10: 179.8 | E10: Sugar and Confectionery | F10: 121.9 | G10: Food And Beverages
A11: Rural | B11: 2023 | C11: May | D11: 179.8 | E11: Spices | F11: 221 | G11: Food And Beverages
A12: Rural | B12: 2023 | C12: May | D12: 179.8 | E12: Non-alcoholic beverages | F12: 178.7 | G12: Food And Beverages
A13: Rural | B13: 2023 | C13: May | D13: 179.8 | E13: Prepared meals, snacks, sweets etc. | F13: 191.1 | G13: Food And Beverages
... A18: Rural | B18: 2023 | C18: May | D18: 179.8 | E18: Clothing and footwear | F18: 190.8 | G18: Clothing and Footwear
A19: Rural | B19: 2023 | C19: May | D19: 179.8 | E19: Housing | G19: Housing
A20: Rural | B20: 2023 | C20: May | D20: 179.8 | E20: Fuel and light | F20: 182.5 | G20: Fuel and Light
A21: Rural | B21: 2023 | C21: May | D21: 179.8 | E21: Household goods and services | F21: 179.8 | G21: Household Goods/Services
A22: Rural | B22: 2023 | C22: May | D22: 179.8 | E22: Health | F22: 187.8 | G22: Health
A23: Rural | B23: 2023 | C23: May | D23: 179.8 | E23: Transport and communication | F23: 169.7 | G23: Transport and Communication
A24: Rural | B24: 2023 | C24: May | D24: 179.8 | E24: Recreation and amusement | F24: 173.8 | G24: Recreation and Amusement
A25: Rural | B25: 2023 | C25: May | D25: 179.8 | E25: Education | F25: 180.3 | G25: Education
A26: Rural | B26: 2023 | C26: May | D26: 179.8 | E26: Personal care and effects | F26: 184.9 | G26: Personal Care/Effects
A27: Rural | B27: 2023 | C27: May | D27: 179.8 | E27: Miscellaneous | F27: 179.5 | G27: Miscellaneous
A28: Urban | B28: 2023 | C28: May | D28: 178.2 | E28: Cereals and products | F28: 174.7 | G28: Food And Beverages
A29: Urban | B29: 2023 | C29: May | D29: 178.2 | E29: Meat and fish | F29: 219.4 | G29: Food And Beverages
A30: Urban | B30: 2023 | C30: May | D30: 178.2 | E30: Egg | F30: 176.7 | G30: Food And Beverages
A31: Urban | B31: 2023 | C31: May | D31: 178.2 | E31: Milk and products | F31: 179.4 | G31: Food And Beverages
... A79: Rural+Urban | B79: 2023 | C79: May | D79: 179.1 | E79: Miscellaneous | F79: 175.7 | G79: Miscellaneous

Sheet Q1
A1: Based on the latest month's data, identify the contribution of different broader categories (food, energy, transportation, education, etc.) towards the CPI basket. Broader categories (buckets) can be created by combining similar categories into one bucket; Ex.: Meals, Beverages, Cereals, can be clubbed to create "Food" category, etc.
A10: Year | B10: 2023
A11: Month | B11: May
A13: Row Labels | B13: Sum of Value
A14: Food And Beverages | B14: 0.50258444
A15: Clothing and Footwear | B15: 0.11974685
A16: Tobacco and Intoxicants | B16: 0.043866581
A17: Health | B17: 0.040285339
A18: Personal Care/Effects | B18: 0.040285339
A19: Fuel and Light | B19: 0.039777876
A20: Education | B20: 0.038581712
A21: Miscellaneous | B21: 0.038190241
A22: Household Goods/Services | B22: 0.038067
A23: Recreation and Amusement | B23: 0.037276807
A24: Transport and Communication | B24: 0.035877658
A25: Housing | B25: 0.025460161
A26: Grand Total | B26: 1

Sheet Q2
A1: A trend of Y-o-Y increase in CPI (rural + urban) inflation starting 2017 for the entire basket of products combined.
A2: Sector | B2: Year | C2: Month | D2: General index | E2: Categories | F2: Value | G2: Broad Categories | H2: YoY % Increase
A3: Rural+Urban | B3: 2016 | C3: January | D3: 126.3 | E3: Cereals and products | F3: 126.1 | G3: Food And Beverages
A4: Rural+Urban | B4: 2016 | C4: January | D4: 126.3 | E4: Meat and fish | F4: 134.1 | G4: Food And Beverages
A5: Rural+Urban | B5: 2016 | C5: January | D5: 126.3 | E5: Egg | F5: 128.6 | G5: Food And Beverages
A6: Rural+Urban | B6: 2016 | C6: January | D6: 126.3 | E6: Milk and products | F6: 129.9 | G6: Food And Beverages
A7: Rural+Urban | B7: 2016 | C7: January | D7: 126.3 | E7: Oils and fats | F7: 115.5 | G7: Food And Beverages
A8: Rural+Urban | B8: 2016 | C8: January | D8: 126.3 | E8: Fruits | F8: 125.7 | G8: Food And Beverages
A9: Rural+Urban | B9: 2016 | C9: January | D9: 126.3 | E9: Vegetables | F9: 141.5 | G9: Food And Beverages
A10: Rural+Urban | B10: 2016 | C10: January | D10: 126.3 | E10: Pulses and products | F10: 170.7 | G10: Food And Beverages
A11: Rural+Urban | B11: 2016 | C11: January | D11: 126.3 | E11: Sugar and Confectionery | F11: 97.4 | G11: Food And Beverages
A12: Rural+Urban | B12: 2016 | C12: January | D12: 126.3 | E12: Spices | F12: 132.9 | G12: Food And Beverages
A13: Rural+Urban | B13: 2016 | C13: January | D13: 126.3 | E13: Non-alcoholic beverages | F13: 122.7 | G13: Food And Beverages
A14: Rural+Urban | B14: 2016 | C14: January | D14: 126.3 | E14: Prepared meals, snacks, sweets etc. | F14: 135.3 | G14: Food And Beverages
... A314: Rural+Urban | B314: 2016 | C314: December | D314: 130.4 | E314: Miscellaneous | F314: 123.9 | G314: Miscellaneous
A315: Rural+Urban | B315: 2017 | C315: January | D315: 130.3 | E315: Cereals and products | F315: 132.8 | G315: Food And Beverages | H315: =(D315-D3)/D3*100 -> 3.1670625 | K315: Row Labels | L315: Average of YoY % Increase
A316: Rural+Urban | B316: 2017 | C316: January | D316: 130.3 | E316: Meat and fish | F316: 138.2 | G316: Food And Beverages | H316: =(D316-D4)/D4*100 -> 3.1670625 | K316: 2017 | L316: 3.3273885
A317: Rural+Urban | B317: 2017 | C317: January | D317: 130.3 | E317: Egg | F317: 132.2 | G317: Food And Beverages | H317: =(D317-D5)/D5*100 -> 3.1670625 | K317: 2018 | L317: 3.9676972
A318: Rural+Urban | B318: 2017 | C318: January | D318: 130.3 | E318: Milk and products | F318: 135.4 | G318: Food And Beverages | H318: =(D318-D6)/D6*100 -> 3.1670625 | K318: 2019 | L318: 3.972956
A319: Rural+Urban | B319: 2017 | C319: January | D319: 130.3 | E319: Oils and fats | F319: 119.1 | G319: Food And Beverages | H319: =(D319-D7)/D7*100 -> 3.1670625 | K319: 2020 | L319: 7.4685746
A320: Rural+Urban | B320: 2017 | C320: January | D320: 130.3 | E320: Fruits | F320: 133 | G320: Food And Beverages | H320: =(D320-D8)/D8*100 -> 3.1670625 | K320: 2021 | L320: 5.7203072
A321: Rural+Urban | B321: 2017 | C321: January | D321: 130.3 | E321: Vegetables | F321: 119.4 | G321: Food And Beverages | H321: =(D321-D9)/D9*100 -> 3.1670625 | K321: 2022 | L321: 6.624065
A322: Rural+Urban | B322: 2017 | C322: January | D322: 130.3 | E322: Pulses and products | F322: 159.5 | G322: Food And Beverages | H322: =(D322-D10)/D10*100 -> 3.1670625 | K322: 2023 | L322: 5.5756722
A323: Rural+Urban | B323: 2017 | C323: January | D323: 130.3 | E323: Sugar and Confectionery | F323: 115.6 | G323: Food And Beverages | H323: =(D323-D11)/D11*100 -> 3.1670625 | K323: Grand Total | L323: 5.1613529
A324: Rural+Urban | B324: 2017 | C324: January | D324: 130.3 | E324: Spices | F324: 139.6 | G324: Food And Beverages | H324: =(D324-D12)/D12*100 -> 3.1670625
A325: Rural+Urban | B325: 2017 | C325: January | D325: 130.3 | E325: Non-alcoholic beverages | F325: 126.6 | G325: Food And Beverages | H325: =(D325-D13)/D13*100 -> 3.1670625
A326: Rural+Urban | B326: 2017 | C326: January | D326: 130.3 | E326: Prepared meals, snacks, sweets etc. | F326: 142.8 | G326: Food And Beverages | H326: =(D326-D14)/D14*100 -> 3.1670625
A327: Rural+Urban | B327: 2017 | C327: January | D327: 130.3 | E327: Food and beverages | F327: 133.1 | G327: Food And Beverages | H327: =(D327-D15)/D15*100 -> 3.1670625
A328: Rural+Urban | B328: 2017 | C328: January | D328: 130.3 | E328: Pan, tobacco and intoxicants | F328: 143.8 | G328: Tobacco and Intoxicants | H328: =(D328-D16)/D16*100 -> 3.1670625
A329: Rural+Urban | B329: 2017 | C329: January | D329: 130.3 | E329: Clothing | F329: 136.6 | G329: Clothing and Footwear | H329: =(D329-D17)/D17*100 -> 3.1670625
A330: Rural+Urban | B330: 2017 | C330: January | D330: 130.3 | E330: Footwear | F330: 130.2 | G330: Clothing and Footwear | H330: =(D330-D18)/D18*100 -> 3.1670625
A331: Rural+Urban | B331: 2017 | C331: January | D331: 130.3 | E331: Clothing and footwear | F331: 135.6 | G331: Clothing and Footwear | H331: =(D331-D19)/D19*100 -> 3.1670625
A332: Rural+Urban | B332: 2017 | C332: January | D332: 130.3 | E332: Housing | F332: 129.6 | G332: Housing | H332: =(D332-D20)/D20*100 -> 3.1670625
A333: Rural+Urban | B333: 2017 | C333: January | D333: 130.3 | E333: Fuel and light | F333: 126.8 | G333: Fuel and Light | H333: =(D333-D21)/D21*100 -> 3.1670625
A334: Rural+Urban | B334: 2017 | C334: January | D334: 130.3 | E334: Household goods and services | F334: 129.4 | G334: Household Goods/Services | H334: =(D334-D22)/D22*100 -> 3.1670625
A335: Rural+Urban | B335: 2017 | C335: January | D335: 130.3 | E335: Health | F335: 127.1 | G335: Health | H335: =(D335-D23)/D23*100 -> 3.1670625
... A2238: Rural+Urban | B2238: 2023 | C2238: May | D2238: 179.1 | E2238: Miscellaneous | F2238: 175.7 | G2238: Miscellaneous | H2238: =(D2238-D1926)/D1926*100 -> 4.3098427

Sheet Q3
A1: With India's retail inflation reaching a 3-month high of 5.55% in November 2023, largely due to a sharp rise in food prices. Analyze the following for 12 months ending May'23
A2: Sector | B2: Year | C2: Month | D2: General index | E2: Categories | F2: Value | G2: Broad Categories | H2: Date
A3: Rural | B3: 2022 | C3: June | D3: 173.6 | E3: Cereals and products | F3: 153.8 | G3: Food And Beverages | H3: 44713 | J3: Row Labels | K3: Average of Value | M3: Month | N3: Avg CPI Value | O3: MoM%
A4: Rural | B4: 2022 | C4: June | D4: 173.6 | E4: Meat and fish | F4: 217.2 | G4: Food And Beverages | H4: 44713 | J4: 2022 | K4: 175.60879 | M4: June | N4: 174.3
A5: Rural | B5: 2022 | C5: June | D5: 173.6 | E5: Egg | F5: 169.6 | G5: Food And Beverages | H5: 44713 | J5: June | K5: 174.3 | M5: July | N5: 174.62564 | O5: =(N5-N4)/N4*100 -> 0.1868279
A6: Rural | B6: 2022 | C6: June | D6: 173.6 | E6: Milk and products | F6: 165.4 | G6: Food And Beverages | H6: 44713 | J6: July | K6: 174.62564 | M6: August | N6: 174.83846 | O6: =(N6-N5)/N5*100 -> 0.12187243
A7: Rural | B7: 2022 | C7: June | D7: 173.6 | E7: Oils and fats | F7: 208.1 | G7: Food And Beverages | H7: 44713 | J7: August | K7: 174.83846 | M7: September | N7: 175.77179 | O7: =(N7-N6)/N6*100 -> 0.5338261
A8: Rural | B8: 2022 | C8: June | D8: 173.6 | E8: Fruits | F8: 165.8 | G8: Food And Beverages | H8: 44713 | J8: September | K8: 175.77179 | M8: October | N8: 177.02821 | O8: =(N8-N7)/N7*100 -> 0.71479628
A9: Rural | B9: 2022 | C9: June | D9: 173.6 | E9: Vegetables | F9: 167.3 | G9: Food And Beverages | H9: 44713 | J9: October | K9: 177.02821 | M9: November | N9: 176.89487 | O9: =(N9-N8)/N8*100 -> -0.075317565
A10: Rural | B10: 2022 | C10: June | D10: 173.6 | E10: Pulses and products | F10: 164.6 | G10: Food And Beverages | H10: 44713 | J10: November | K10: 176.89487 | M10: December | N10: 175.80256 | O10: =(N10-N9)/N9*100 -> -0.61748974
A11: Rural | B11: 2022 | C11: June | D11: 173.6 | E11: Sugar and Confectionery | F11: 119.1 | G11: Food And Beverages | H11: 44713 | J11: December | K11: 175.80256 | M11: January | N11: 176.56667 | O11: =(N11-N10)/N10*100 -> 0.43463676
A12: Rural | B12: 2022 | C12: June | D12: 173.6 | E12: Spices | F12: 188.9 | G12: Food And Beverages | H12: 44713 | J12: 2023 | K12: 176.39333 | M12: February | N12: 175.58974 | O12: =(N12-N11)/N11*100 -> -0.55328851
A13: Rural | B13: 2022 | C13: June | D13: 173.6 | E13: Non-alcoholic beverages | F13: 174.2 | G13: Food And Beverages | H13: 44713 | J13: January | K13: 176.56667 | M13: March | N13: 175.6 | O13: =(N13-N12)/N12*100 -> 0.0058411215
A14: Rural | B14: 2022 | C14: June | D14: 173.6 | E14: Prepared meals, snacks, sweets etc. | F14: 181.9 | G14: Food And Beverages | H14: 44713 | J14: February | K14: 175.58974 | M14: April | N14: 176.44872 | O14: =(N14-N13)/N13*100 -> 0.48332457
A15: Rural | B15: 2022 | C15: June | D15: 173.6 | E15: Food and beverages | F15: 172.4 | G15: Food And Beverages | H15: 44713 | J15: March | K15: 175.6 | M15: May | N15: 177.76154 | O15: =(N15-N14)/N14*100 -> 0.74402383
A16: Urban | B16: 2022 | C16: June | D16: 171.4 | E16: Cereals and products | F16: 157.5 | G16: Food And Beverages | H16: 44713 | J16: April | K16: 176.44872
A17: Urban | B17: 2022 | C17: June | D17: 171.4 | E17: Meat and fish | F17: 223.4 | G17: Food And Beverages | H17: 44713 | J17: May | K17: 177.76154
A18: Urban | B18: 2022 | C18: June | D18: 171.4 | E18: Egg | F18: 172.8 | G18: Food And Beverages | H18: 44713 | J18: Grand Total | K18: 175.93568
A19: Urban | B19: 2022 | C19: June | D19: 171.4 | E19: Milk and products | F19: 166.4 | G19: Food And Beverages | H19: 44713
A20: Urban | B20: 2022 | C20: June | D20: 171.4 | E20: Oils and fats | F20: 188.6 | G20: Food And Beverages | H20: 44713
A21: Urban | B21: 2022 | C21: June | D21: 171.4 | E21: Fruits | F21: 174.1 | G21: Food And Beverages | H21: 44713
A22: Urban | B22: 2022 | C22: June | D22: 171.4 | E22: Vegetables | F22: 211.5 | G22: Food And Beverages | H22: 44713
A23: Urban | B23: 2022 | C23: June | D23: 171.4 | E23: Pulses and products | F23: 163.6 | G23: Food And Beverages | H23: 44713
A24: Urban | B24: 2022 | C24: June | D24: 171.4 | E24: Sugar and Confectionery | F24: 121.4 | G24: Food And Beverages | H24: 44713
A25: Urban | B25: 2022 | C25: June | D25: 171.4 | E25: Spices | F25: 183.5 | G25: Food And Beverages | H25: 44713
A26: Urban | B26: 2022 | C26: June | D26: 171.4 | E26: Non-alcoholic beverages | F26: 159.1 | G26: Food And Beverages | H26: 44713
A27: Urban | B27: 2022 | C27: June | D27: 171.4 | E27: Prepared meals, snacks, sweets etc. | F27: 186.3 | G27: Food And Beverages | H27: 44713
A28: Urban | B28: 2022 | C28: June | D28: 171.4 | E28: Food and beverages | F28: 179.3 | G28: Food And Beverages | H28: 44713
A29: Rural+Urban | B29: 2022 | C29: June | D29: 172.6 | E29: Cereals and products | F29: 155 | G29: Food And Beverages | H29: 44713
A30: Rural+Urban | B30: 2022 | C30: June | D30: 172.6 | E30: Meat and fish | F30: 219.4 | G30: Food And Beverages | H30: 44713
... A36: Rural+Urban | B36: 2022 | C36: June | D36: 172.6 | E36: Pulses and products | F36: 164.3 | G36: Food And Beverages | H36: 44713
A37: Rural+Urban | B37: 2022 | C37: June | D37: 172.6 | E37: Sugar and Confectionery | F37: 119.9 | G37: Food And Beverages | H37: 44713 | N37: Row Labels | O37: Max of Value | P37: Min of Value | Q37: Absolute Change
A38: Rural+Urban | B38: 2022 | C38: June | D38: 172.6 | E38: Spices | F38: 187.1 | G38: Food And Beverages | H38: 44713 | N38: Vegetables | O38: 228.6 | P38: 140.9 | Q38: =O38-P38 -> 87.7
A39: Rural+Urban | B39: 2022 | C39: June | D39: 172.6 | E39: Non-alcoholic beverages | F39: 167.9 | G39: Food And Beverages | H39: 44713 | N39: Oils and fats | O39: 208.1 | P39: 164.4 | Q39: =O39-P39 -> 43.7
A40: Rural+Urban | B40: 2022 | C40: June | D40: 172.6 | E40: Prepared meals, snacks, sweets etc. | F40: 183.9 | G40: Food And Beverages | H40: 44713 | N40: Spices | O40: 221 | P40: 183.5 | Q40: =O40-P40 -> 37.5
A41: Rural+Urban | B41: 2022 | C41: June | D41: 172.6 | E41: Food and beverages | F41: 174.9 | G41: Food And Beverages | H41: 44713 | N41: Egg | O41: 197 | P41: 167.9 | Q41: =O41-P41 -> 29.1
A42: Rural | B42: 2022 | C42: July | D42: 174.3 | E42: Cereals and products | F42: 155.2 | G42: Food And Beverages | H42: 44743 | N42: Fruits | O42: 179.5 | P42: 156.3 | Q42: =O42-P42 -> 23.2
A43: Rural | B43: 2022 | C43: July | D43: 174.3 | E43: Meat and fish | F43: 210.8 | G43: Food And Beverages | H43: 44743 | N43: Cereals and products | O43: 174.8 | P43: 153.8 | Q43: =O43-P43 -> 21
A44: Rural | B44: 2022 | C44: July | D44: 174.3 | E44: Egg | F44: 174.3 | G44: Food And Beverages | H44: 44743 | N44: Non-alcoholic beverages | O44: 178.7 | P44: 159.1 | Q44: =O44-P44 -> 19.6
A45: Rural | B45: 2022 | C45: July | D45: 174.3 | E45: Milk and products | F45: 166.3 | G45: Food And Beverages | H45: 44743 | N45: Meat and fish | O45: 223.4 | P45: 204.1 | Q45: =O45-P45 -> 19.3
A46: Rural | B46: 2022 | C46: July | D46: 174.3 | E46: Oils and fats | F46: 202.2 | G46: Food And Beverages | H46: 44743 | N46: Prepared meals, snacks, sweets etc. | O46: 197.7 | P46: 181.9 | Q46: =O46-P46 -> 15.8
A47: Rural | B47: 2022 | C47: July | D47: 174.3 | E47: Fruits | F47: 169.6 | G47: Food And Beverages | H47: 44743 | N47: Milk and products | O47: 179.6 | P47: 165.4 | Q47: =O47-P47 -> 14.2
A48: Rural | B48: 2022 | C48: July | D48: 174.3 | E48: Vegetables | F48: 168.6 | G48: Food And Beverages | H48: 44743 | N48: Pulses and products | O48: 176.9 | P48: 163.6 | Q48: =O48-P48 -> 13.3
A49: Rural | B49: 2022 | C49: July | D49: 174.3 | E49: Pulses and products | F49: 164.4 | G49: Food And Beverages | H49: 44743 | N49: Food and beverages | O49: 183.3 | P49: 172.4 | Q49: =O49-P49 -> 10.9
A50: Rural | B50: 2022 | C50: July | D50: 174.3 | E50: Sugar and Confectionery | F50: 119.2 | G50: Food And Beverages | H50: 44743 | N50: Sugar and Confectionery | O50: 124.2 | P50: 119.1 | Q50: =O50-P50 -> 5.1
A51: Rural | B51: 2022 | C51: July | D51: 174.3 | E51: Spices | F51: 191.8 | G51: Food And Beverages | H51: 44743
A52: Rural | B52: 2022 | C52: July | D52: 174.3 | E52: Non-alcoholic beverages | F52: 174.5 | G52: Food And Beverages | H52: 44743
A53: Rural | B53: 2022 | C53: July | D53: 174.3 | E53: Prepared meals, snacks, sweets etc. | F53: 183.1 | G53: Food And Beverages | H53: 44743
A54: Rural | B54: 2022 | C54: July | D54: 174.3 | E54: Food and beverages | F54: 172.5 | G54: Food And Beverages | H54: 44743
A55: Urban | B55: 2022 | C55: July | D55: 172.3 | E55: Cereals and products | F55: 159.3 | G55: Food And Beverages | H55: 44743
A56: Urban | B56: 2022 | C56: July | D56: 172.3 | E56: Meat and fish | F56: 217.1 | G56: Food And Beverages | H56: 44743
A57: Urban | B57: 2022 | C57: July | D57: 172.3 | E57: Egg | F57: 176.6 | G57: Food And Beverages | H57: 44743
A58: Urban | B58: 2022 | C58: July | D58: 172.3 | E58: Milk and products | F58: 167.1 | G58: Food And Beverages | H58: 44743
A59: Urban | B59: 2022 | C59: July | D59: 172.3 | E59: Oils and fats | F59: 184.8 | G59: Food And Beverages | H59: 44743
A60: Urban | B60: 2022 | C60: July | D60: 172.3 | E60: Fruits | F60: 179.5 | G60: Food And Beverages | H60: 44743
A61: Urban | B61: 2022 | C61: July | D61: 172.3 | E61: Vegetables | F61: 208.5 | G61: Food And Beverages | H61: 44743
A62: Urban | B62: 2022 | C62: July | D62: 172.3 | E62: Pulses and products | F62: 164 | G62: Food And Beverages | H62: 44743
... A470: Rural+Urban | B470: 2023 | C470: May | D470: 179.1 | E470: Food and beverages | F470: 179.1 | G470: Food And Beverages | H470: 45047

Sheet Q4
A1: Sector | B1: Year | C1: Month | D1: General index | E1: Categories | F1: Value | G1: Broad Categories | H1: Date | I1: Period
A2: Rural | B2: 2013 | C2: January | D2: 105.1 | E2: Cereals and products | F2: 107.5 | G2: Food And Beverages | H2: =DATE(B2,MONTH(DATEVALUE(C2 & " 1")),1) -> 41275 | I2: =IF(H2<DATE(2023,3,1),"Pre-Covid","Post-Covid") -> Pre-Covid
A3: Rural | B3: 2013 | C3: January | D3: 105.1 | E3: Meat and fish | F3: 106.3 | G3: Food And Beverages | H3: =DATE(B3,MONTH(DATEVALUE(C3 & " 1")),1) -> 41275 | I3: =IF(H3<DATE(2023,3,1),"Pre-Covid","Post-Covid") -> Pre-Covid | K3: Row Labels | L3: Average of Value
A4: Rural | B4: 2013 | C4: January | D4: 105.1 | E4: Egg | F4: 108.1 | G4: Food And Beverages | H4: =DATE(B4,MONTH(DATEVALUE(C4 & " 1")),1) -> 41275 | I4: =IF(H4<DATE(2023,3,1),"Pre-Covid","Post-Covid") -> Pre-Covid | K4: Post-Covid | L4: 176.6915
A5: Rural | B5: 2013 | C5: January | D5: 105.1 | E5: Milk and products | F5: 104.9 | G5: Food And Beverages | H5: =DATE(B5,MONTH(DATEVALUE(C5 & " 1")),1) -> 41275 | I5: =IF(H5<DATE(2023,3,1),"Pre-Covid","Post-Covid") -> Pre-Covid | K5: Pre-Covid | L5: 138.33218
A6: Rural | B6: 2013 | C6: January | D6: 105.1 | E6: Oils and fats | F6: 106.1 | G6: Food And Beverages | H6: =DATE(B6,MONTH(DATEVALUE(C6 & " 1")),1) -> 41275 | I6: =IF(H6<DATE(2023,3,1),"Pre-Covid","Post-Covid") -> Pre-Covid | K6: Grand Total | L6: 139.27544
A7: Rural | B7: 2013 | C7: January | D7: 105.1 | E7: Fruits | F7: 103.9 | G7: Food And Beverages | H7: =DATE(B7,MONTH(DATEVALUE(C7 & " 1")),1) -> 41275 | I7: =IF(H7<DATE(2023,3,1),"Pre-Covid","Post-Covid") -> Pre-Covid
A8: Rural | B8: 2013 | C8: January | D8: 105.1 | E8: Vegetables | F8: 101.9 | G8: Food And Beverages | H8: =DATE(B8,MONTH(DATEVALUE(C8 & " 1")),1) -> 41275 | I8: =IF(H8<DATE(2023,3,1),"Pre-Covid","Post-Covid") -> Pre-Covid
A9: Rural | B9: 2013 | C9: January | D9: 105.1 | E9: Pulses and products | F9: 106.1 | G9: Food And Beverages | H9: =DATE(B9,MONTH(DATEVALUE(C9 & " 1")),1) -> 41275 | I9: =IF(H9<DATE(2023,3,1),"Pre-Covid","Post-Covid") -> Pre-Covid
A10: Rural | B10: 2013 | C10: January | D10: 105.1 | E10: Sugar and Confectionery | F10: 106.8 | G10: Food And Beverages | H10: =DATE(B10,MONTH(DATEVALUE(C10 & " 1")),1) -> 41275 | I10: =IF(H10<DATE(2023,3,1),"Pre-Covid","Post-Covid") -> Pre-Covid
A11: Rural | B11: 2013 | C11: January | D11: 105.1 | E11: Spices | F11: 103.1 | G11: Food And Beverages | H11: =DATE(B11,MONTH(DATEVALUE(C11 & " 1")),1) -> 41275 | I11: =IF(H11<DATE(2023,3,1),"Pre-Covid","Post-Covid") -> Pre-Covid
A12: Rural | B12: 2013 | C12: January | D12: 105.1 | E12: Non-alcoholic beverages | F12: 104.8 | G12: Food And Beverages | H12: =DATE(B12,MONTH(DATEVALUE(C12 & " 1")),1) -> 41275 | I12: =IF(H12<DATE(2023,3,1),"Pre-Covid","Post-Covid") -> Pre-Covid
A13: Rural | B13: 2013 | C13: January | D13: 105.1 | E13: Prepared meals, snacks, sweets etc. | F13: 106.7 | G13: Food And Beverages | H13: =DATE(B13,MONTH(DATEVALUE(C13 & " 1")),1) -> 41275 | I13: =IF(H13<DATE(2023,3,1),"Pre-Covid","Post-Covid") -> Pre-Covid
A14: Rural | B14: 2013 | C14: January | D14: 105.1 | E14: Food and beverages | F14: 105.5 | G14: Food And Beverages | H14: =DATE(B14,MONTH(DATEVALUE(C14 & " 1")),1) -> 41275 | I14: =IF(H14<DATE(2023,3,1),"Pre-Covid","Post-Covid") -> Pre-Covid
A15: Rural | B15: 2013 | C15: January | D15: 105.1 | E15: Fuel and light | F15: 105.5 | G15: Fuel and Light | H15: =DATE(B15,MONTH(DATEVALUE(C15 & " 1")),1) -> 41275 | I15: =IF(H15<DATE(2023,3,1),"Pre-Covid","Post-Covid") -> Pre-Covid
A16: Rural | B16: 2013 | C16: January | D16: 105.1 | E16: Health | F16: 104 | G16: Health | H16: =DATE(B16,MONTH(DATEVALUE(C16 & " 1")),1) -> 41275 | I16: =IF(H16<DATE(2023,3,1),"Pre-Covid","Post-Covid") -> Pre-Covid
A17: Rural | B17: 2013 | C17: January | D17: 105.1 | E17: Transport and communication | F17: 103.3 | G17: Transport and Communication | H17: =DATE(B17,MONTH(DATEVALUE(C17 & " 1")),1) -> 41275 | I17: =IF(H17<DATE(2023,3,1),"Pre-Covid","Post-Covid") -> Pre-Covid
A18: Rural | B18: 2013 | C18: January | D18: 105.1 | E18: Education | F18: 103.8 | G18: Education | H18: =DATE(B18,MONTH(DATEVALUE(C18 & " 1")),1) -> 41275 | I18: =IF(H18<DATE(2023,3,1),"Pre-Covid","Post-Covid") -> Pre-Covid
... A25: Urban | B25: 2013 | C25: January | D25: 104 | E25: Vegetables | F25: 102.9 | G25: Food And Beverages | H25: =DATE(B25,MONTH(DATEVALUE(C25 & " 1")),1) -> 41275 | I25: =IF(H25<DATE(2023,3,1),"Pre-Covid","Post-Covid") -> Pre-Covid
A26: Urban | B26: 2013 | C26: January | D26: 104 | E26: Pulses and products | F26: 105.8 | G26: Food And Beverages | H26: =DATE(B26,MONTH(DATEVALUE(C26 & " 1")),1) -> 41275 | I26: =IF(H26<DATE(2023,3,1),"Pre-Covid","Post-Covid") -> Pre-Covid | K26: Row Labels | L26: Average of General index
A27: Urban | B27: 2013 | C27: January | D27: 104 | E27: Sugar and Confectionery | F27: 105.1 | G27: Food And Beverages | H27: =DATE(B27,MONTH(DATEVALUE(C27 & " 1")),1) -> 41275 | I27: =IF(H27<DATE(2023,3,1),"Pre-Covid","Post-Covid") -> Pre-Covid | K27: Post-Covid | L27: 178.1
A28: Urban | B28: 2013 | C28: January | D28: 104 | E28: Spices | F28: 101.8 | G28: Food And Beverages | H28: =DATE(B28,MONTH(DATEVALUE(C28 & " 1")),1) -> 41275 | I28: =IF(H28<DATE(2023,3,1),"Pre-Covid","Post-Covid") -> Pre-Covid | K28: Pre-Covid | L28: 138.593
A29: Urban | B29: 2013 | C29: January | D29: 104 | E29: Non-alcoholic beverages | F29: 105.1 | G29: Food And Beverages | H29: =DATE(B29,MONTH(DATEVALUE(C29 & " 1")),1) -> 41275 | I29: =IF(H29<DATE(2023,3,1),"Pre-Covid","Post-Covid") -> Pre-Covid | K29: Grand Total | L29: 139.56448
A30: Urban | B30: 2013 | C30: January | D30: 104 | E30: Prepared meals, snacks, sweets etc. | F30: 107.9 | G30: Food And Beverages | H30: =DATE(B30,MONTH(DATEVALUE(C30 & " 1")),1) -> 41275 | I30: =IF(H30<DATE(2023,3,1),"Pre-Covid","Post-Covid") -> Pre-Covid
A31: Urban | B31: 2013 | C31: January | D31: 104 | E31: Food and beverages | F31: 105.9 | G31: Food And Beverages | H31: =DATE(B31,MONTH(DATEVALUE(C31 & " 1")),1) -> 41275 | I31: =IF(H31<DATE(2023,3,1),"Pre-Covid","Post-Covid") -> Pre-Covid
A32: Urban | B32: 2013 | C32: January | D32: 104 | E32: Fuel and light | F32: 105.4 | G32: Fuel and Light | H32: =DATE(B32,MONTH(DATEVALUE(C32 & " 1")),1) -> 41275 | I32: =IF(H32<DATE(2023,3,1),"Pre-Covid","Post-Covid") -> Pre-Covid
A33: Urban | B33: 2013 | C33: January | D33: 104 | E33: Health | F33: 104.1 | G33: Health | H33: =DATE(B33,MONTH(DATEVALUE(C33 & " 1")),1) -> 41275 | I33: =IF(H33<DATE(2023,3,1),"Pre-Covid","Post-Covid") -> Pre-Covid
A34: Urban | B34: 2013 | C34: January | D34: 104 | E34: Transport and communication | F34: 103.2 | G34: Transport and Communication | H34: =DATE(B34,MONTH(DATEVALUE(C34 & " 1")),1) -> 41275 | I34: =IF(H34<DATE(2023,3,1),"Pre-Covid","Post-Covid") -> Pre-Covid
A35: Urban | B35: 2013 | C35: January | D35: 104 | E35: Education | F35: 103.5 | G35: Education | H35: =DATE(B35,MONTH(DATEVALUE(C35 & " 1")),1) -> 41275 | I35: =IF(H35<DATE(2023,3,1),"Pre-Covid","Post-Covid") -> Pre-Covid
A36: Rural+Urban | B36: 2013 | C36: January | D36: 104.6 | E36: Cereals and products | F36: 108.4 | G36: Food And Beverages | H36: =DATE(B36,MONTH(DATEVALUE(C36 & " 1")),1) -> 41275 | I36: =IF(H36<DATE(2023,3,1),"Pre-Covid","Post-Covid") -> Pre-Covid
A37: Rural+Urban | B37: 2013 | C37: January | D37: 104.6 | E37: Meat and fish | F37: 107.3 | G37: Food And Beverages | H37: =DATE(B37,MONTH(DATEVALUE(C37 & " 1")),1) -> 41275 | I37: =IF(H37<DATE(2023,3,1),"Pre-Covid","Post-Covid") -> Pre-Covid
A38: Rural+Urban | B38: 2013 | C38: January | D38: 104.6 | E38: Egg | F38: 110 | G38: Food And Beverages | H38: =DATE(B38,MONTH(DATEVALUE(C38 & " 1")),1) -> 41275 | I38: =IF(H38<DATE(2023,3,1),"Pre-Covid","Post-Covid") -> Pre-Covid
A39: Rural+Urban | B39: 2013 | C39: January | D39: 104.6 | E39: Milk and products | F39: 104.4 | G39: Food And Beverages | H39: =DATE(B39,MONTH(DATEVALUE(C39 & " 1")),1) -> 41275 | I39: =IF(H39<DATE(2023,3,1),"Pre-Covid","Post-Covid") -> Pre-Covid
A40: Rural+Urban | B40: 2013 | C40: January | D40: 104.6 | E40: Oils and fats | F40: 105.1 | G40: Food And Beverages | H40: =DATE(B40,MONTH(DATEVALUE(C40 & " 1")),1) -> 41275 | I40: =IF(H40<DATE(2023,3,1),"Pre-Covid","Post-Covid") -> Pre-Covid
A41: Rural+Urban | B41: 2013 | C41: January | D41: 104.6 | E41: Fruits | F41: 103.2 | G41: Food And Beverages | H41: =DATE(B41,MONTH(DATEVALUE(C41 & " 1")),1) -> 41275 | I41: =IF(H41<DATE(2023,3,1),"Pre-Covid","Post-Covid") -> Pre-Covid
... A6223: Rural+Urban | B6223: 2023 | C6223: May | D6223: 179.1 | E6223: Education | F6223: 177.1 | G6223: Education | H6223: =DATE(B6223,MONTH(DATEVALUE(C6223 & " 1")),1) -> 45047 | I6223: =IF(H6223<DATE(2023,3,1),"Pre-Covid","Post-Covid") -> Post-Covid

Sheet Q5 Helper
A1: Sector | B1: Year | C1: Month | D1: General index | E1: Categories | F1: Value | G1: Broad Categories | H1: Date
A2: Rural | B2: 2021 | C2: January | D2: 158.5 | E2: Cereals and products | F2: 143.4 | G2: Food And Beverages | H2: =DATE(B2,MONTH(DATEVALUE(C2&" 1")),1) -> 44197 | K2: Average of Value | L2: Column Labels
A3: Rural | B3: 2021 | C3: January | D3: 158.5 | E3: Meat and fish | F3: 187.5 | G3: Food And Beverages | H3: =DATE(B3,MONTH(DATEVALUE(C3&" 1")),1) -> 44197 | K3: Row Labels | L3: Clothing and Footwear | M3: Education | N3: Food And Beverages | O3: Fuel and Light | P3: Health | Q3: Household Goods/Services | R3: Housing | S3: Miscellaneous | T3: Personal Care/Effects | U3: Recreation and Amusement | V3: Tobacco and Intoxicants | W3: Transport and Communication | X3: Grand Total
A4: Rural | B4: 2021 | C4: January | D4: 158.5 | E4: Egg | F4: 173.4 | G4: Food And Beverages | H4: =DATE(B4,MONTH(DATEVALUE(C4&" 1")),1) -> 44197 | K4: 2021 | L4: 157.7713 | M4: 162.53611 | N4: 163.33739 | O4: 158.70833 | P4: 165.13333 | Q4: 155 | R4: 161.48333 | S4: 157.50833 | T4: 158.73889 | U4: 155.94444 | V4: 191.67778 | W4: 150.7 | X4: 162.08972
A5: Rural | B5: 2021 | C5: January | D5: 158.5 | E5: Milk and products | F5: 154 | G5: Food And Beverages | H5: =DATE(B5,MONTH(DATEVALUE(C5&" 1")),1) -> 44197 | K5: Jan | L5: 151.38889 | M5: 159.6 | N5: 159.97949 | O5: 147.23333 | P5: 158.63333 | Q5: 149.86667 | R5: 157.7 | S5: 151.8 | T5: 156.9 | U5: 150.03333 | V5: 187.63333 | W5: 142.1 | X5: 157.51299
A6: Rural | B6: 2021 | C6: January | D6: 158.5 | E6: Oils and fats | F6: 154.8 | G6: Food And Beverages | H6: =DATE(B6,MONTH(DATEVALUE(C6&" 1")),1) -> 44197 | K6: Feb | L6: 152.88889 | M6: 159.9 | N6: 157.19487 | O6: 151.96667 | P6: 160.63333 | Q6: 150.73333 | R6: 159.8 | S6: 153.3 | T6: 155.9 | U6: 151.93333 | V6: 189.36667 | W6: 145.26667 | X6: 156.92468
A7: Rural | B7: 2021 | C7: January | D7: 158.5 | E7: Fruits | F7: 147 | G7: Food And Beverages | H7: =DATE(B7,MONTH(DATEVALUE(C7&" 1")),1) -> 44197 | K7: Mar | L7: 153.48889 | M7: 160.53333 | N7: 157.16923 | O7: 155.43333 | P7: 161.06667 | Q7: 151.06667 | R7: 159.9 | S7: 153.7 | T7: 153.93333 | U7: 153 | V7: 189.23333 | W7: 146.4 | X7: 157.19351
A8: Rural | B8: 2021 | C8: January | D8: 158.5 | E8: Vegetables | F8: 187.8 | G8: Food And Beverages | H8: =DATE(B8,MONTH(DATEVALUE(C8&" 1")),1) -> 44197 | K8: Apr | L8: 154.32222 | M8: 160.66667 | N8: 159.05641 | O8: 155.5 | P8: 161.7 | Q8: 151.63333 | R8: 161.4 | S8: 154.3 | T8: 155.53333 | U8: 153.63333 | V8: 190 | W8: 146.8 | X8: 158.4961
A9: Rural | B9: 2021 | C9: January | D9: 158.5 | E9: Pulses and products | F9: 159.5 | G9: Food And Beverages | H9: =DATE(B9,MONTH(DATEVALUE(C9&" 1")),1) -> 44197 | K9: May | L9: 157.27778 | M9: 161.8 | N9: 162.19744 | O9: 158.86667 | P9: 165.1 | Q9: 154.53333 | R9: 161.6 | S9: 156.73333 | T9: 158.46667 | U9: 156.13333 | V9: 193.23333 | W9: 149.03333 | X9: 161.37792
A10: Rural | B10: 2021 | C10: January | D10: 158.5 | E10: Sugar and Confectionery | F10: 113.8 | G10: Food And Beverages | H10: =DATE(B10,MONTH(DATEVALUE(C10&" 1")),1) -> 44197 | K10: Jun | L10: 157.45556 | M10: 162.2 | N10: 164.37692 | O10: 159.33333 | P10: 165.6 | Q10: 154.6 | R10: 160.5 | S10: 157.5 | T10: 158.73333 | U10: 155.33333 | V10: 191.83333 | W10: 150.8 | X10: 162.55325
A11: Rural | B11: 2021 | C11: January | D11: 158.5 | E11: Spices | F11: 164.5 | G11: Food And Beverages | H11: =DATE(B11,MONTH(DATEVALUE(C11&" 1")),1) -> 44197 | K11: Jul | L11: 158.33333 | M11: 163.56667 | N11: 165.41538 | O11: 160.3 | P11: 166.3 | Q11: 155.6 | R11: 161.5 | S11: 158.93333 | T11: 160.03333 | U11: 155.73333 | V11: 192.13333 | W11: 153.23333 | X11: 163.59351
A12: Rural | B12: 2021 | C12: January | D12: 158.5 | E12: Non-alcoholic beverages | F12: 156.1 | G12: Food And Beverages | H12: =DATE(B12,MONTH(DATEVALUE(C12&" 1")),1) -> 44197 | K12: Aug | L12: 159.95556 | M12: 163.9 | N12: 164.88974 | O12: 162.13333 | P12: 167.43333 | Q12: 157.2 | R12: 162.1 | S12: 159.76667 | T12: 159.96667 | U12: 157.46667 | V12: 192.93333 | W12: 154.03333 | X12: 163.88312
A13: Rural | B13: 2021 | C13: January | D13: 158.5 | E13: Prepared meals, snacks, sweets etc. | F13: 164.3 | G13: Food And Beverages | H13: =DATE(B13,MONTH(DATEVALUE(C13&" 1")),1) -> 44197 | K13: Sep | L13: 160.26667 | M13: 164.16667 | N13: 164.96154 | O13: 162.36667 | P13: 167.7 | Q13: 157.36667 | R13: 162.1 | S13: 159.93333 | T13: 159.93333 | U13: 158.1 | V13: 193.03333 | W13: 154.1 | X13: 164.02857
A14: Rural | B14: 2021 | C14: January | D14: 158.5 | E14: Food and beverages | F14: 159.6 | G14: Food And Beverages | H14: =DATE(B14,MONTH(DATEVALUE(C14&" 1")),1) -> 44197 | K14: Oct | L14: 161.31111 | M14: 164.4 | N14: 167.64359 | O14: 163.96667 | P14: 168.36667 | Q14: 158.23333 | R14: 163.6 | S14: 160.9 | T14: 160.73333 | U14: 158.96667 | V14: 193.63333 | W14: 155.8 | X14: 165.87143
A15: Rural | B15: 2021 | C15: January | D15: 158.5 | E15: Pan, tobacco and intoxicants | F15: 184.6 | G15: Tobacco and Intoxicants | H15: =DATE(B15,MONTH(DATEVALUE(C15&" 1")),1) -> 44197 | K15: Nov | L15: 162.65556 | M15: 164.8 | N15: 169.07692 | O15: 163.6 | P15: 169.16667 | Q15: 159.13333 | R15: 164.2 | S15: 161.3 | T15: 162.13333 | U15: 160.1 | V15: 193.76667 | W15: 154.96667 | X15: 166.92468
... A18: Rural | B18: 2021 | C18: January | D18: 158.5 | E18: Clothing and footwear | F18: 156.8 | G18: Clothing and Footwear | H18: =DATE(B18,MONTH(DATEVALUE(C18&" 1")),1) -> 44197 | K18: Jan | L18: 165.52222 | M18: 165.2 | N18: 166.76667 | O18: 163.86667 | P18: 170.73333 | Q18: 160.93333 | R18: 164.5 | S18: 162.63333 | T18: 163 | U18: 161.5 | V18: 193.1 | W18: 156.66667 | X18: 166.43506
A19: Rural | B19: 2021 | C19: January | D19: 158.5 | E19: Housing | G19: Housing | H19: =DATE(B19,MONTH(DATEVALUE(C19&" 1")),1) -> 44197 | K19: Feb | L19: 166.78889 | M19: 165.9 | N19: 166.54103 | O19: 165.36667 | P19: 171.56667 | Q19: 161.63333 | R19: 165.5 | S19: 163.4 | T19: 164.36667 | U19: 162.36667 | V19: 193.6 | W19: 157.06667 | X19: 166.79221
A20: Rural | B20: 2021 | C20: January | D20: 158.5 | E20: Fuel and light | F20: 150.9 | G20: Fuel and Light | H20: =DATE(B20,MONTH(DATEVALUE(C20&" 1")),1) -> 44197 | K20: Mar | L20: 168.45556 | M20: 166.43333 | N20: 168.19487 | O20: 166.86667 | P20: 172.4 | Q20: 162.63333 | R20: 165.3 | S20: 164.5 | T20: 167.13333 | U20: 163.56667 | V20: 194.5 | W20: 158.03333 | X20: 168.24026
A21: Rural | B21: 2021 | C21: January | D21: 158.5 | E21: Household goods and services | F21: 153.9 | G21: Household Goods/Services | H21: =DATE(B21,MONTH(DATEVALUE(C21&" 1")),1) -> 44197 | K21: Apr | L21: 170.23333 | M21: 167.26667 | N21: 170.54615 | O21: 172 | P21: 173.33333 | Q21: 163.83333 | R21: 167 | S21: 166.7 | T21: 168.73333 | U21: 164.6 | V21: 194.6 | W21: 162.7 | X21: 170.37273
A22: Rural | B22: 2021 | C22: January | D22: 158.5 | E22: Health | F22: 162.5 | G22: Health | H22: =DATE(B22,MONTH(DATEVALUE(C22&" 1")),1) -> 44197 | K22: May | L22: 171.97778 | M22: 168.3 | N22: 172.51026 | O22: 174.46667 | P22: 174.2 | Q22: 165.06667 | R22: 167.5 | S22: 167.4 | T22: 168.36667 | U22: 165.3 | V22: 194.83333 | W22: 163.16667 | X22: 171.87013
A23: Rural | B23: 2021 | C23: January | D23: 158.5 | E23: Transport and communication | F23: 147.5 | G23: Transport and Communication | H23: =DATE(B23,MONTH(DATEVALUE(C23&" 1")),1) -> 44197 | K23: Jun | L23: 173.46667 | M23: 169.36667 | N23: 174.3 | O23: 175.86667 | P23: 174.83333 | Q23: 166.26667 | R23: 166.8 | S23: 167.43333 | T23: 169.36667 | U23: 165.96667 | V23: 195.16667 | W23: 161.26667 | X23: 173.10519
A24: Rural | B24: 2021 | C24: January | D24: 158.5 | E24: Recreation and amusement | F24: 155.1 | G24: Recreation and Amusement | H24: =DATE(B24,MONTH(DATEVALUE(C24&" 1")),1) -> 44197 | K24: Jul | L24: 174.76667 | M24: 171.73333 | N24: 174.62564 | O24: 179.56667 | P24: 175.53333 | Q24: 167.26667 | R24: 167.8 | S24: 168.3 | T24: 169.73333 | U24: 166.5 | V24: 195.46667 | W24: 161.76667 | X24: 173.85065
A25: Rural | B25: 2021 | C25: January | D25: 158.5 | E25: Education | F25: 163.5 | G25: Education | H25: =DATE(B25,MONTH(DATEVALUE(C25&" 1")),1) -> 44197 | K25: Aug | L25: 175.98889 | M25: 172.63333 | N25: 174.83846 | O25: 178.76667 | P25: 176.26667 | Q25: 168.33333 | R25: 169 | S25: 169.03333 | T25: 171.23333 | U25: 167.1 | V25: 195.8 | W25: 162.06667 | X25: 174.34156
A26: Rural | B26: 2021 | C26: January | D26: 158.5 | E26: Personal care and effects | F26: 156.2 | G26: Personal Care/Effects | H26: =DATE(B26,MONTH(DATEVALUE(C26&" 1")),1) -> 44197 | K26: Sep | L26: 177.47778 | M26: 173.4 | N26: 175.77179 | O26: 179.46667 | P26: 177.26667 | Q26: 169.36667 | R26: 169.5 | S26: 169.63333 | T26: 170.93333 | U26: 167.8 | V26: 196.7 | W26: 162.46667 | X26: 175.22727
A27: Rural | B27: 2021 | C27: January | D27: 158.5 | E27: Miscellaneous | F27: 155.9 | G27: Miscellaneous | H27: =DATE(B27,MONTH(DATEVALUE(C27&" 1")),1) -> 44197 | K27: Oct | L27: 178.47778 | M27: 173.7 | N27: 177.02821 | O27: 180.43333 | P27: 178.2 | Q27: 170.26667 | R27: 171.2 | S27: 170.4 | T27: 172.13333 | U27: 168.36667 | V27: 197.1 | W27: 163.03333 | X27: 176.28182
A28: Urban | B28: 2021 | C28: January | D28: 156 | E28: Cereals and products | F28: 148 | G28: Food And Beverages | H28: =DATE(B28,MONTH(DATEVALUE(C28&" 1")),1) -> 44197 | K28: Nov | L28: 179.51111 | M28: 174.03333 | N28: 176.89487 | O28: 181.16667 | P28: 179.3 | Q28: 171.26667 | R28: 171.8 | S28: 171.03333 | T28: 173.6 | U28: 168.66667 | V28: 197.66667 | W28: 163.13333 | X28: 176.59351
A29: Urban | B29: 2021 | C29: January | D29: 156 | E29: Meat and fish | F29: 194.8 | G29: Food And Beverages | H29: =DATE(B29,MONTH(DATEVALUE(C29&" 1")),1) -> 44197 | K29: Dec | L29: 180.41111 | M29: 174.4 | N29: 175.80256 | O29: 181.8 | P29: 180.6 | Q29: 171.93333 | R29: 170.7 | S29: 171.9 | T29: 175.83333 | U29: 169.06667 | V29: 198.1 | W29: 163.53333 | X29: 176.4013
A30: Urban | B30: 2021 | C30: January | D30: 156 | E30: Egg | F30: 178.4 | G30: Food And Beverages | H30: =DATE(B30,MONTH(DATEVALUE(C30&" 1")),1) -> 44197 | K30: Grand Total | L30: 165.68056 | M30: 166.36667 | N30: 168.07788 | O30: 166.83889 | P30: 170.24306 | Q30: 160.78333 | R30: 164.76667 | S30: 162.60278 | T30: 164.1375 | U30: 160.92222 | V30: 193.61528 | W30: 155.97083 | X30: 167.27451
A31: Urban | B31: 2021 | C31: January | D31: 156 | E31: Milk and products | F31: 154.4 | G31: Food And Beverages | H31: =DATE(B31,MONTH(DATEVALUE(C31&" 1")),1) -> 44197
A32: Urban | B32: 2021 | C32: January | D32: 156 | E32: Oils and fats | F32: 144.1 | G32: Food And Beverages | H32: =DATE(B32,MONTH(DATEVALUE(C32&" 1")),1) -> 44197
A33: Urban | B33: 2021 | C33: January | D33: 156 | E33: Fruits | F33: 152.6 | G33: Food And Beverages | H33: =DATE(B33,MONTH(DATEVALUE(C33&" 1")),1) -> 44197
A34: Urban | B34: 2021 | C34: January | D34: 156 | E34: Vegetables | F34: 206.8 | G34: Food And Beverages | H34: =DATE(B34,MONTH(DATEVALUE(C34&" 1")),1) -> 44197
A35: Urban | B35: 2021 | C35: January | D35: 156 | E35: Pulses and products | F35: 162.1 | G35: Food And Beverages | H35: =DATE(B35,MONTH(DATEVALUE(C35&" 1")),1) -> 44197
A36: Urban | B36: 2021 | C36: January | D36: 156 | E36: Sugar and Confectionery | F36: 116.3 | G36: Food And Beverages | H36: =DATE(B36,MONTH(DATEVALUE(C36&" 1")),1) -> 44197
A37: Urban | B37: 2021 | C37: January | D37: 156 | E37: Spices | F37: 163 | G37: Food And Beverages | H37: =DATE(B37,MONTH(DATEVALUE(C37&" 1")),1) -> 44197
A38: Urban | B38: 2021 | C38: January | D38: 156 | E38: Non-alcoholic beverages | F38: 145.9 | G38: Food And Beverages | H38: =DATE(B38,MONTH(DATEVALUE(C38&" 1")),1) -> 44197
A39: Urban | B39: 2021 | C39: January | D39: 156 | E39: Prepared meals, snacks, sweets etc. | F39: 167.2 | G39: Food And Beverages | H39: =DATE(B39,MONTH(DATEVALUE(C39&" 1")),1) -> 44197
A40: Urban | B40: 2021 | C40: January | D40: 156 | E40: Food and beverages | F40: 163.4 | G40: Food And Beverages | H40: =DATE(B40,MONTH(DATEVALUE(C40&" 1")),1) -> 44197
A41: Urban | B41: 2021 | C41: January | D41: 156 | E41: Pan, tobacco and intoxicants | F41: 191.8 | G41: Tobacco and Intoxicants | H41: =DATE(B41,MONTH(DATEVALUE(C41&" 1")),1) -> 44197
A42: Urban | B42: 2021 | C42: January | D42: 156 | E42: Clothing | F42: 152.5 | G42: Clothing and Footwear | H42: =DATE(B42,MONTH(DATEVALUE(C42&" 1")),1) -> 44197
... A96: Rural | B96: 2021 | C96: February | D96: 156.7 | E96: Clothing and footwear | F96: 158.4 | G96: Clothing and Footwear | H96: =DATE(B96,MONTH(DATEVALUE(C96&" 1")),1) -> 44228
A97: Rural | B97: 2021 | C97: February | D97: 156.7 | E97: Housing | G97: Housing | H97: =DATE(B97,MONTH(DATEVALUE(C97&" 1")),1) -> 44228
A98: Rural | B98: 2021 | C98: February | D98: 156.7 | E98: Fuel and light | F98: 154.4 | G98: Fuel and Light | H98: =DATE(B98,MONTH(DATEVALUE(C98&" 1")),1) -> 44228
A99: Rural | B99: 2021 | C99: February | D99: 156.7 | E99: Household goods and services | F99: 154.8 | G99: Household Goods/Services | H99: =DATE(B99,MONTH(DATEVALUE(C99&" 1")),1) -> 44228
A100: Rural | B100: 2021 | C100: February | D100: 156.7 | E100: Health | F100: 164.3 | G100: Health | H100: =DATE(B100,MONTH(DATEVALUE(C100&" 1")),1) -> 44228
A101: Rural | B101: 2021 | C101: February | D101: 156.7 | E101: Transport and communication | F101: 150.2 | G101: Transport and Communication | H101: =DATE(B101,MONTH(DATEVALUE(C101&" 1")),1) -> 44228
A102: Rural | B102: 2021 | C102: February | D102: 156.7 | E102: Recreation and amusement | F102: 157 | G102: Recreation and Amusement | H102: =DATE(B102,MONTH(DATEVALUE(C102&" 1")),1) -> 44228
A103: Rural | B103: 2021 | C103: February | D103: 156.7 | E103: Education | F103: 163.6 | G103: Education | H103: =DATE(B103,MONTH(DATEVALUE(C103&" 1")),1) -> 44228
A104: Rural | B104: 2021 | C104: February | D104: 156.7 | E104: Personal care and effects | F104: 155.2 | G104: Personal Care/Effects | H104: =DATE(B104,MONTH(DATEVALUE(C104&" 1")),1) -> 44228
A105: Rural | B105: 2021 | C105: February | D105: 156.7 | E105: Miscellaneous | F105: 157.2 | G105: Miscellaneous | H105: =DATE(B105,MONTH(DATEVALUE(C105&" 1")),1) -> 44228
A106: Urban | B106: 2021 | C106: February | D106: 156.5 | E106: Cereals and products | F106: 147.6 | G106: Food And Beverages | H106: =DATE(B106,MONTH(DATEVALUE(C106&" 1")),1) -> 44228
A107: Urban | B107: 2021 | C107: February | D107: 156.5 | E107: Meat and fish | F107: 191.2 | G107: Food And Beverages | H107: =DATE(B107,MONTH(DATEVALUE(C107&" 1")),1) -> 44228
A108: Urban | B108: 2021 | C108: February | D108: 156.5 | E108: Egg | F108: 169.9 | G108: Food And Beverages | H108: =DATE(B108,MONTH(DATEVALUE(C108&" 1")),1) -> 44228
A109: Urban | B109: 2021 | C109: February | D109: 156.5 | E109: Milk and products | F109: 155.1 | G109: Food And Beverages | H109: =DATE(B109,MONTH(DATEVALUE(C109&" 1")),1) -> 44228
... A174: Rural | B174: 2021 | C174: March | D174: 156.7 | E174: Clothing and footwear | F174: 158.9 | G174: Clothing and Footwear | H174: =DATE(B174,MONTH(DATEVALUE(C174&" 1")),1) -> 44256
A175: Rural | B175: 2021 | C175: March | D175: 156.7 | E175: Housing | G175: Housing | H175: =DATE(B175,MONTH(DATEVALUE(C175&" 1")),1) -> 44256
A176: Rural | B176: 2021 | C176: March | D176: 156.7 | E176: Fuel and light | F176: 156 | G176: Fuel and Light | H176: =DATE(B176,MONTH(DATEVALUE(C176&" 1")),1) -> 44256
A177: Rural | B177: 2021 | C177: March | D177: 156.7 | E177: Household goods and services | F177: 154.8 | G177: Household Goods/Services | H177: =DATE(B177,MONTH(DATEVALUE(C177&" 1")),1) -> 44256
A178: Rural | B178: 2021 | C178: March | D178: 156.7 | E178: Health | F178: 164.6 | G178: Health | H178: =DATE(B178,MONTH(DATEVALUE(C178&" 1")),1) -> 44256
A179: Rural | B179: 2021 | C179: March | D179: 156.7 | E179: Transport and communication | F179: 151.3 | G179: Transport and Communication | H179: =DATE(B179,MONTH(DATEVALUE(C179&" 1")),1) -> 44256
A180: Rural | B180: 2021 | C180: March | D180: 156.7 | E180: Recreation and amusement | F180: 157.8 | G180: Recreation and Amusement | H180: =DATE(B180,MONTH(DATEVALUE(C180&" 1")),1) -> 44256
A181: Rural | B181: 2021 | C181: March | D181: 156.7 | E181: Education | F181: 163.8 | G181: Education | H181: =DATE(B181,MONTH(DATEVALUE(C181&" 1")),1) -> 44256
A182: Rural | B182: 2021 | C182: March | D182: 156.7 | E182: Personal care and effects | F182: 153.1 | G182: Personal Care/Effects | H182: =DATE(B182,MONTH(DATEVALUE(C182&" 1")),1) -> 44256
A183: Rural | B183: 2021 | C183: March | D183: 156.7 | E183: Miscellaneous | F183: 157.3 | G183: Miscellaneous | H183: =DATE(B183,MONTH(DATEVALUE(C183&" 1")),1) -> 44256
A184: Urban | B184: 2021 | C184: March | D184: 156.9 | E184: Cereals and products | F184: 147.5 | G184: Food And Beverages | H184: =DATE(B184,MONTH(DATEVALUE(C184&" 1")),1) -> 44256
A185: Urban | B185: 2021 | C185: March | D185: 156.9 | E185: Meat and fish | F185: 197.5 | G185: Food And Beverages | H185: =DATE(B185,MONTH(DATEVALUE(C185&" 1")),1) -> 44256
A186: Urban | B186: 2021 | C186: March | D186: 156.9 | E186: Egg | F186: 164.7 | G186: Food And Beverages | H186: =DATE(B186,MONTH(DATEVALUE(C186&" 1")),1) -> 44256
A187: Urban | B187: 2021 | C187: March | D187: 156.9 | E187: Milk and products | F187: 155.6 | G187: Food And Beverages | H187: =DATE(B187,MONTH(DATEVALUE(C187&" 1")),1) -> 44256
... A252: Rural | B252: 2021 | C252: April | D252: 157.6 | E252: Clothing and footwear | F252: 159.9 | G252: Clothing and Footwear | H252: =DATE(B252,MONTH(DATEVALUE(C252&" 1")),1) -> 44287
A253: Rural | B253: 2021 | C253: April | D253: 157.6 | E253: Housing | G253: Housing | H253: =DATE(B253,MONTH(DATEVALUE(C253&" 1")),1) -> 44287
A254: Rural | B254: 2021 | C254: April | D254: 157.6 | E254: Fuel and light | F254: 156 | G254: Fuel and Light | H254: =DATE(B254,MONTH(DATEVALUE(C254&" 1")),1) -> 44287
A255: Rural | B255: 2021 | C255: April | D255: 157.6 | E255: Household goods and services | F255: 155.5 | G255: Household Goods/Services | H255: =DATE(B255,MONTH(DATEVALUE(C255&" 1")),1) -> 44287
A256: Rural | B256: 2021 | C256: April | D256: 157.6 | E256: Health | F256: 165.3 | G256: Health | H256: =DATE(B256,MONTH(DATEVALUE(C256&" 1")),1) -> 44287
A257: Rural | B257: 2021 | C257: April | D257: 157.6 | E257: Transport and communication | F257: 151.7 | G257: Transport and Communication | H257: =DATE(B257,MONTH(DATEVALUE(C257&" 1")),1) -> 44287
A258: Rural | B258: 2021 | C258: April | D258: 157.6 | E258: Recreation and amusement | F258: 158.6 | G258: Recreation and Amusement | H258: =DATE(B258,MONTH(DATEVALUE(C258&" 1")),1) -> 44287
A259: Rural | B259: 2021 | C259: April | D259: 157.6 | E259: Education | F259: 164.1 | G259: Education | H259: =DATE(B259,MONTH(DATEVALUE(C259&" 1")),1) -> 44287
A260: Rural | B260: 2021 | C260: April | D260: 157.6 | E260: Personal care and effects | F260: 154.6 | G260: Personal Care/Effects | H260: =DATE(B260,MONTH(DATEVALUE(C260&" 1")),1) -> 44287
A261: Rural | B261: 2021 | C261: April | D261: 157.6 | E261: Miscellaneous | F261: 158 | G261: Miscellaneous | H261: =DATE(B261,MONTH(DATEVALUE(C261&" 1")),1) -> 44287
A262: Urban | B262: 2021 | C262: April | D262: 158 | E262: Cereals and products | F262: 147.6 | G262: Food And Beverages | H262: =DATE(B262,MONTH(DATEVALUE(C262&" 1")),1) -> 44287
A263: Urban | B263: 2021 | C263: April | D263: 158 | E263: Meat and fish | F263: 202.5 | G263: Food And Beverages | H263: =DATE(B263,MONTH(DATEVALUE(C263&" 1")),1) -> 44287
A264: Urban | B264: 2021 | C264: April | D264: 158 | E264: Egg | F264: 166.4 | G264: Food And Beverages | H264: =DATE(B264,MONTH(DATEVALUE(C264&" 1")),1) -> 44287
A265: Urban | B265: 2021 | C265: April | D265: 158 | E265: Milk and products | F265: 156 | G265: Food And Beverages | H265: =DATE(B265,MONTH(DATEVALUE(C265&" 1")),1) -> 44287
... A330: Rural | B330: 2021 | C330: May | D330: 161.1 | E330: Clothing and footwear | F330: 164.5 | G330: Clothing and Footwear | H330: =DATE(B330,MONTH(DATEVALUE(C330&" 1")),1) -> 44317
A331: Rural | B331: 2021 | C331: May | D331: 161.1 | E331: Housing | G331: Housing | H331: =DATE(B331,MONTH(DATEVALUE(C331&" 1")),1) -> 44317
A332: Rural | B332: 2021 | C332: May | D332: 161.1 | E332: Fuel and light | F332: 161.7 | G332: Fuel and Light | H332: =DATE(B332,MONTH(DATEVALUE(C332&" 1")),1) -> 44317
A333: Rural | B333: 2021 | C333: May | D333: 161.1 | E333: Household goods and services | F333: 158.8 | G333: Household Goods/Services | H333: =DATE(B333,MONTH(DATEVALUE(C333&" 1")),1) -> 44317
A334: Rural | B334: 2021 | C334: May | D334: 161.1 | E334: Health | F334: 169.1 | G334: Health | H334: =DATE(B334,MONTH(DATEVALUE(C334&" 1")),1) -> 44317
A335: Rural | B335: 2021 | C335: May | D335: 161.1 | E335: Transport and communication | F335: 153.2 | G335: Transport and Communication | H335: =DATE(B335,MONTH(DATEVALUE(C335&" 1")),1) -> 44317
A336: Rural | B336: 2021 | C336: May | D336: 161.1 | E336: Recreation and amusement | F336: 160 | G336: Recreation and Amusement | H336: =DATE(B336,MONTH(DATEVALUE(C336&" 1")),1) -> 44317
A337: Rural | B337: 2021 | C337: May | D337: 161.1 | E337: Education | F337: 167.6 | G337: Education | H337: =DATE(B337,MONTH(DATEVALUE(C337&" 1")),1) -> 44317
A338: Rural | B338: 2021 | C338: May | D338: 161.1 | E338: Personal care and effects | F338: 159.3 | G338: Personal Care/Effects | H338: =DATE(B338,MONTH(DATEVALUE(C338&" 1")),1) -> 44317
A339: Rural | B339: 2021 | C339: May | D339: 161.1 | E339: Miscellaneous | F339: 161.1 | G339: Miscellaneous | H339: =DATE(B339,MONTH(DATEVALUE(C339&" 1")),1) -> 44317
A340: Urban | B340: 2021 | C340: May | D340: 159.5 | E340: Cereals and products | F340: 148.8 | G340: Food And Beverages | H340: =DATE(B340,MONTH(DATEVALUE(C340&" 1")),1) -> 44317
A341: Urban | B341: 2021 | C341: May | D341: 159.5 | E341: Meat and fish | F341: 204.3 | G341: Food And Beverages | H341: =DATE(B341,MONTH(DATEVALUE(C341&" 1")),1) -> 44317
A342: Urban | B342: 2021 | C342: May | D342: 159.5 | E342: Egg | F342: 173 | G342: Food And Beverages | H342: =DATE(B342,MONTH(DATEVALUE(C342&" 1")),1) -> 44317
A343: Urban | B343: 2021 | C343: May | D343: 159.5 | E343: Milk and products | F343: 156.5 | G343: Food And Beverages | H343: =DATE(B343,MONTH(DATEVALUE(C343&" 1")),1) -> 44317
... A408: Rural | B408: 2021 | C408: June | D408: 162.1 | E408: Clothing and footwear | F408: 164.6 | G408: Clothing and Footwear | H408: =DATE(B408,MONTH(DATEVALUE(C408&" 1")),1) -> 44348
A409: Rural | B409: 2021 | C409: June | D409: 162.1 | E409: Housing | G409: Housing | H409: =DATE(B409,MONTH(DATEVALUE(C409&" 1")),1) -> 44348
A410: Rural | B410: 2021 | C410: June | D410: 162.1 | E410: Fuel and light | F410: 162.1 | G410: Fuel and Light | H410: =DATE(B410,MONTH(DATEVALUE(C410&" 1")),1) -> 44348
A411: Rural | B411: 2021 | C411: June | D411: 162.1 | E411: Household goods and services | F411: 159.2 | G411: Household Goods/Services | H411: =DATE(B411,MONTH(DATEVALUE(C411&" 1")),1) -> 44348
...

Sheet Q5
A1: Year | B1: Month | C1: Value | D1: Date | E1: MoM % Change | G1: Year | H1: Month | I1: Clothing and Footwear | J1: Clothing and Footware MoM% | K1: Education | L1: Education MoM% | M1: Food And Beverages | N1: Food And Beverages MoM% | O1: Fuel and Light | P1: Fuel and Light MoM% | Q1: Health | R1: Health MoM% | S1: Household Goods/Services | T1: Household Goods/Services MoM% | U1: Housing | V1: Housing MoM% | W1: Miscellaneous | X1: Miscellaneous MoM% | Y1: Personal Care/Effects | Z1: Personal Care/Effects MoM% | AA1: Recreation and Amusement | AB1: Recreation and Amusement MoM% | AC1: Tobacco and Intoxicants | AD1: Tobacco and Intoxicants MoM% | AE1: Transport and Communication | AF1: Transport and Communication MoM%
A2: 2021 | B2: January | C2: 84.666319 | D2: =DATE(Table1[[#This Row],[Year]],MONTH(DATEVALUE(Table1[[#This Row],[Month]]& " 1")),1) -> 44197 | E2: 0 | G2: 2021 | H2: Jan | I2: 151.38889 | J2: 0 | K2: 159.6 | L2: 0 | M2: 159.97949 | N2: 0 | O2: 147.23333 | P2: 0 | Q2: 158.63333 | R2: 0 | S2: 149.86667 | T2: 0 | U2: 157.7 | V2: 0 | W2: 151.8 | X2: 0 | Y2: 156.9 | Z2: 0 | AA2: 150.03333 | AB2: 0 | AC2: 187.63333 | AD2: 0 | AE2: 142.1 | AF2: 0
A3: 2021 | B3: February | C3: 94.067715 | D3: =DATE(Table1[[#This Row],[Year]],MONTH(DATEVALUE(Table1[[#This Row],[Month]]& " 1")),1) -> 44228 | E3: =(Table1[[#This Row],[Value]]-C2)/C2*100 -> 11.104057 | G3: 2021 | H3: Feb | I3: 152.88889 | J3: =(I3-I2)/I2*100 -> 0.99082569 | K3: 159.9 | L3: =(K3-K2)/K2*100 -> 0.18796992 | M3: 157.19487 | N3: =(M3-M2)/M2*100 -> -1.7406078 | O3: 151.96667 | P3: =(O3-O2)/O2*100 -> 3.2148517 | Q3: 160.63333 | R3: =(Q3-Q2)/Q2*100 -> 1.2607691 | S3: 150.73333 | T3: =(S3-S2)/S2*100 -> 0.57829181 | U3: 159.8 | V3: =(U3-U2)/U2*100 -> 1.3316424 | W3: 153.3 | X3: =(W3-W2)/W2*100 -> 0.98814229 | Y3: 155.9 | Z3: =(Y3-Y2)/Y2*100 -> -0.63734863 | AA3: 151.93333 | AB3: =(AA3-AA2)/AA2*100 -> 1.2663852 | AC3: 189.36667 | AD3: =(AC3-AC2)/AC2*100 -> 0.92378753 | AE3: 145.26667 | AF3: =(AE3-AE2)/AE2*100 -> 2.2284776
A4: 2021 | B4: March | C4: 112.87479 | D4: =DATE(Table1[[#This Row],[Year]],MONTH(DATEVALUE(Table1[[#This Row],[Month]]& " 1")),1) -> 44256 | E4: =(Table1[[#This Row],[Value]]-C3)/C3*100 -> 19.993127 | G4: 2021 | H4: Mar | I4: 153.48889 | J4: =(I4-I3)/I3*100 -> 0.39244186 | K4: 160.53333 | L4: =(K4-K3)/K3*100 -> 0.39608088 | M4: 157.16923 | N4: =(M4-M3)/M3*100 -> -0.016311617 | O4: 155.43333 | P4: =(O4-O3)/O3*100 -> 2.281202 | Q4: 161.06667 | R4: =(Q4-Q3)/Q3*100 -> 0.26976551 | S4: 151.06667 | T4: =(S4-S3)/S3*100 -> 0.22114109 | U4: 159.9 | V4: =(U4-U3)/U3*100 -> 0.062578223 | W4: 153.7 | X4: =(W4-W3)/W3*100 -> 0.26092629 | Y4: 153.93333 | Z4: =(Y4-Y3)/Y3*100 -> -1.2614924 | AA4: 153 | AB4: =(AA4-AA3)/AA3*100 -> 0.70206231 | AC4: 189.23333 | AD4: =(AC4-AC3)/AC3*100 -> -0.070410139 | AE4: 146.4 | AF4: =(AE4-AE3)/AE3*100 -> 0.78017439 | AG4: =COUNTIFS(AE2:AE25,">150",AE2:AE25,"<160") -> 10
A5: 2021 | B5: April | C5: 63.396977 | D5: =DATE(Table1[[#This Row],[Year]],MONTH(DATEVALUE(Table1[[#This Row],[Month]]& " 1")),1) -> 44287 | E5: =(Table1[[#This Row],[Value]]-C4)/C4*100 -> -43.834248 | G5: 2021 | H5: Apr | I5: 154.32222 | J5: =(I5-I4)/I4*100 -> 0.54292746 | K5: 160.66667 | L5: =(K5-K4)/K4*100 -> 0.083056478 | M5: 159.05641 | N5: =(M5-M4)/M4*100 -> 1.2007309 | O5: 155.5 | P5: =(O5-O4)/O4*100 -> 0.042890843 | Q5: 161.7 | R5: =(Q5-Q4)/Q4*100 -> 0.39321192 | S5: 151.63333 | T5: =(S5-S4)/S4*100 -> 0.37511033 | U5: 161.4 | V5: =(U5-U4)/U4*100 -> 0.9380863 | W5: 154.3 | X5: =(W5-W4)/W4*100 -> 0.39037085 | Y5: 155.53333 | Z5: =(Y5-Y4)/Y4*100 -> 1.039411 | AA5: 153.63333 | AB5: =(AA5-AA4)/AA4*100 -> 0.41394336 | AC5: 190 | AD5: =(AC5-AC4)/AC4*100 -> 0.40514356 | AE5: 146.8 | AF5: =(AE5-AE4)/AE4*100 -> 0.27322404
A6: 2021 | B6: May | C6: 66.953085 | D6: =DATE(Table1[[#This Row],[Year]],MONTH(DATEVALUE(Table1[[#This Row],[Month]]& " 1")),1) -> 44317 | E6: =(Table1[[#This Row],[Value]]-C5)/C5*100 -> 5.6092712 | G6: 2021 | H6: May | I6: 157.27778 | J6: =(I6-I5)/I5*100 -> 1.9151847 | K6: 161.8 | L6: =(K6-K5)/K5*100 -> 0.70539419 | M6: 162.19744 | N6: =(M6-M5)/M5*100 -> 1.9747872 | O6: 158.86667 | P6: =(O6-O5)/O5*100 -> 2.1650589 | Q6: 165.1 | R6: =(Q6-Q5)/Q5*100 -> 2.1026592 | S6: 154.53333 | T6: =(S6-S5)/S5*100 -> 1.9125082 | U6: 161.6 | V6: =(U6-U5)/U5*100 -> 0.12391574 | W6: 156.73333 | X6: =(W6-W5)/W5*100 -> 1.5770145 | Y6: 158.46667 | Z6: =(Y6-Y5)/Y5*100 -> 1.8859837 | AA6: 156.13333 | AB6: =(AA6-AA5)/AA5*100 -> 1.627251 | AC6: 193.23333 | AD6: =(AC6-AC5)/AC5*100 -> 1.7017544 | AE6: 149.03333 | AF6: =(AE6-AE5)/AE5*100 -> 1.5213442
A7: 2021 | B7: June | C7: 71.982647 | D7: =DATE(Table1[[#This Row],[Year]],MONTH(DATEVALUE(Table1[[#This Row],[Month]]& " 1")),1) -> 44348 | E7: =(Table1[[#This Row],[Value]]-C6)/C6*100 -> 7.51207 | G7: 2021 | H7: Jun | I7: 157.45556 | J7: =(I7-I6)/I6*100 -> 0.11303426 | K7: 162.2 | L7: =(K7-K6)/K6*100 -> 0.24721879 | M7: 164.37692 | N7: =(M7-M6)/M6*100 -> 1.3437248 | O7: 159.33333 | P7: =(O7-O6)/O6*100 -> 0.29374738 | Q7: 165.6 | R7: =(Q7-Q6)/Q6*100 -> 0.30284676 | S7: 154.6 | T7: =(S7-S6)/S6*100 -> 0.043140638 | U7: 160.5 | V7: =(U7-U6)/U6*100 -> -0.68069307 | W7: 157.5 | X7: =(W7-W6)/W6*100 -> 0.48915355 | Y7: 158.73333 | Z7: =(Y7-Y6)/Y6*100 -> 0.16827934 | AA7: 155.33333 | AB7: =(AA7-AA6)/AA6*100 -> -0.51238258 | AC7: 191.83333 | AD7: =(AC7-AC6)/AC6*100 -> -0.72451268 | AE7: 150.8 | AF7: =(AE7-AE6)/AE6*100 -> 1.1854171
A8: 2021 | B8: July | C8: 73.539061 | D8: =DATE(Table1[[#This Row],[Year]],MONTH(DATEVALUE(Table1[[#This Row],[Month]]& " 1")),1) -> 44378 | E8: =(Table1[[#This Row],[Value]]-C7)/C7*100 -> 2.1622059 | G8: 2021 | H8: Jul | I8: 158.33333 | J8: =(I8-I7)/I7*100 -> 0.55747654 | K8: 163.56667 | L8: =(K8-K7)/K7*100 -> 0.84258118 | M8: 165.41538 | N8: =(M8-M7)/M7*100 -> 0.63175628 | O8: 160.3 | P8: =(O8-O7)/O7*100 -> 0.60669456 | Q8: 166.3 | R8: =(Q8-Q7)/Q7*100 -> 0.42270531 | S8: 155.6 | T8: =(S8-S7)/S7*100 -> 0.64683053 | U8: 161.5 | V8: =(U8-U7)/U7*100 -> 0.62305296 | W8: 158.93333 | X8: =(W8-W7)/W7*100 -> 0.91005291 | Y8: 160.03333 | Z8: =(Y8-Y7)/Y7*100 -> 0.81898362 | AA8: 155.73333 | AB8: =(AA8-AA7)/AA7*100 -> 0.25751073 | AC8: 192.13333 | AD8: =(AC8-AC7)/AC7*100 -> 0.15638575 | AE8: 153.23333 | AF8: =(AE8-AE7)/AE7*100 -> 1.6136163
A9: 2021 | B9: August | C9: 69.804724 | D9: =DATE(Table1[[#This Row],[Year]],MONTH(DATEVALUE(Table1[[#This Row],[Month]]& " 1")),1) -> 44409 | E9: =(Table1[[#This Row],[Value]]-C8)/C8*100 -> -5.0780307 | G9: 2021 | H9: Aug | I9: 159.95556 | J9: =(I9-I8)/I8*100 -> 1.0245614 | K9: 163.9 | L9: =(K9-K8)/K8*100 -> 0.2037905 | M9: 164.88974 | N9: =(M9-M8)/M8*100 -> -0.31777034 | O9: 162.13333 | P9: =(O9-O8)/O8*100 -> 1.1436889 | Q9: 167.43333 | R9: =(Q9-Q8)/Q8*100 -> 0.6814993 | S9: 157.2 | T9: =(S9-S8)/S8*100 -> 1.0282776 | U9: 162.1 | V9: =(U9-U8)/U8*100 -> 0.37151703 | W9: 159.76667 | X9: =(W9-W8)/W8*100 -> 0.52432886 | Y9: 159.96667 | Z9: =(Y9-Y8)/Y8*100 -> -0.041657988 | AA9: 157.46667 | AB9: =(AA9-AA8)/AA8*100 -> 1.1130137 | AC9: 192.93333 | AD9: =(AC9-AC8)/AC8*100 -> 0.41637752 | AE9: 154.03333 | AF9: =(AE9-AE8)/AE8*100 -> 0.52207962
A10: 2021 | B10: September | C10: 73.130738 | D10: =DATE(Table1[[#This Row],[Year]],MONTH(DATEVALUE(Table1[[#This Row],[Month]]& " 1")),1) -> 44440 | E10: =(Table1[[#This Row],[Value]]-C9)/C9*100 -> 4.7647403 | G10: 2021 | H10: Sep | I10: 160.26667 | J10: =(I10-I9)/I9*100 -> 0.19449847 | K10: 164.16667 | L10: =(K10-K9)/K9*100 -> 0.16270083 | M10: 164.96154 | N10: =(M10-M9)/M9*100 -> 0.043541139 | O10: 162.36667 | P10: =(O10-O9)/O9*100 -> 0.14391447 | Q10: 167.7 | R10: =(Q10-Q9)/Q9*100 -> 0.15926737 | S10: 157.36667 | T10: =(S10-S9)/S9*100 -> 0.10602205 | U10: 162.1 | V10: =(U10-U9)/U9*100 -> 0 | W10: 159.93333 | X10: =(W10-W9)/W9*100 -> 0.1043188 | Y10: 159.93333 | Z10: =(Y10-Y9)/Y9*100 -> -0.020837675 | AA10: 158.1 | AB10: =(AA10-AA9)/AA9*100 -> 0.40220152 | AC10: 193.03333 | AD10: =(AC10-AC9)/AC9*100 -> 0.051831375 | AE10: 154.1 | AF10: =(AE10-AE9)/AE9*100 -> 0.043280675
A11: 2021 | B11: October | C11: 82.107394 | D11: =DATE(Table1[[#This Row],[Year]],MONTH(DATEVALUE(Table1[[#This Row],[Month]]& " 1")),1) -> 44470 | E11: =(Table1[[#This Row],[Value]]-C10)/C10*100 -> 12.274805 | G11: 2021 | H11: Oct | I11: 161.31111 | J11: =(I11-I10)/I10*100 -> 0.65169163 | K11: 164.4 | L11: =(K11-K10)/K10*100 -> 0.14213198 | M11: 167.64359 | N11: =(M11-M10)/M10*100 -> 1.6258646 | O11: 163.96667 | P11: =(O11-O10)/O10*100 -> 0.98542394 | Q11: 168.36667 | R11: =(Q11-Q10)/Q10*100 -> 0.39753528 | S11: 158.23333 | T11: =(S11-S10)/S10*100 -> 0.55073078 | U11: 163.6 | V11: =(U11-U10)/U10*100 -> 0.92535472 | W11: 160.9 | X11: =(W11-W10)/W10*100 -> 0.60441851 | Y11: 160.73333 | Z11: =(Y11-Y10)/Y10*100 -> 0.50020842 | AA11: 158.96667 | AB11: =(AA11-AA10)/AA10*100 -> 0.54817626 | AC11: 193.63333 | AD11: =(AC11-AC10)/AC10*100 -> 0.31082715 | AE11: 155.8 | AF11: =(AE11-AE10)/AE10*100 -> 1.1031798
A12: 2021 | B12: November | C12: 80.637301 | D12: =DATE(Table1[[#This Row],[Year]],MONTH(DATEVALUE(Table1[[#This Row],[Month]]& " 1")),1) -> 44501 | E12: =(Table1[[#This Row],[Value]]-C11)/C11*100 -> -1.7904511 | G12: 2021 | H12: Nov | I12: 162.65556 | J12: =(I12-I11)/I11*100 -> 0.83344813 | K12: 164.8 | L12: =(K12-K11)/K11*100 -> 0.243309 | M12: 169.07692 | N12: =(M12-M11)/M11*100 -> 0.85498845 | O12: 163.6 | P12: =(O12-O11)/O11*100 -> -0.22362269 | Q12: 169.16667 | R12: =(Q12-Q11)/Q11*100 -> 0.47515343 | S12: 159.13333 | T12: =(S12-S11)/S11*100 -> 0.56878028 | U12: 164.2 | V12: =(U12-U11)/U11*100 -> 0.36674817 | W12: 161.3 | X12: =(W12-W11)/W11*100 -> 0.24860162 | Y12: 162.13333 | Z12: =(Y12-Y11)/Y11*100 -> 0.87100788 | AA12: 160.1 | AB12: =(AA12-AA11)/AA11*100 -> 0.71293772 | AC12: 193.76667 | AD12: =(AC12-AC11)/AC11*100 -> 0.068858668 | AE12: 154.96667 | AF12: =(AE12-AE11)/AE11*100 -> -0.53487377
A13: 2021 | B13: December | C13: 73.298824 | D13: =DATE(Table1[[#This Row],[Year]],MONTH(DATEVALUE(Table1[[#This Row],[Month]]& " 1")),1) -> 44531 | E13: =(Table1[[#This Row],[Value]]-C12)/C12*100 -> -9.1005991 | G13: 2021 | H13: Dec | I13: 163.91111 | J13: =(I13-I12)/I12*100 -> 0.77191065 | K13: 164.9 | L13: =(K13-K12)/K12*100 -> 0.060679612 | M13: 168.08718 | N13: =(M13-M12)/M12*100 -> -0.58538065 | O13: 163.8 | P13: =(O13-O12)/O12*100 -> 0.12224939 | Q13: 169.9 | R13: =(Q13-Q12)/Q12*100 -> 0.43349754 | S13: 160.03333 | T13: =(S13-S12)/S12*100 -> 0.56556347 | U13: 163.4 | V13: =(U13-U12)/U12*100 -> -0.48721072 | W13: 161.93333 | X13: =(W13-W12)/W12*100 -> 0.39264311 | Y13: 162.6 | Z13: =(Y13-Y12)/Y12*100 -> 0.28782895 | AA13: 160.9 | AB13: =(AA13-AA12)/AA12*100 -> 0.4996877 | AC13: 193.33333 | AD13: =(AC13-AC12)/AC12*100 -> -0.22363668 | AE13: 155.86667 | AF13: =(AE13-AE12)/AE12*100 -> 0.58077006
A14: 2022 | B14: January | C14: 80.92227 | D14: =DATE(Table1[[#This Row],[Year]],MONTH(DATEVALUE(Table1[[#This Row],[Month]]& " 1")),1) -> 44562 | E14: =(Table1[[#This Row],[Value]]-C13)/C13*100 -> 10.400503 | G14: 2022 | H14: Jan | I14: 165.52222 | J14: =(I14-I13)/I13*100 -> 0.98291757 | K14: 165.2 | L14: =(K14-K13)/K13*100 -> 0.18192844 | M14: 166.76667 | N14: =(M14-M13)/M13*100 -> -0.78561186 | O14: 163.86667 | P14: =(O14-O13)/O13*100 -> 0.040700041 | Q14: 170.73333 | R14: =(Q14-Q13)/Q13*100 -> 0.4904846 | S14: 160.93333 | T14: =(S14-S13)/S13*100 -> 0.56238284 | U14: 164.5 | V14: =(U14-U13)/U13*100 -> 0.67319461 | W14: 162.63333 | X14: =(W14-W13)/W13*100 -> 0.43227666 | Y14: 163 | Z14: =(Y14-Y13)/Y13*100 -> 0.24600246 | AA14: 161.5 | AB14: =(AA14-AA13)/AA13*100 -> 0.37290242 | AC14: 193.1 | AD14: =(AC14-AC13)/AC13*100 -> -0.12068966 | AE14: 156.66667 | AF14: =(AE14-AE13)/AE13*100 -> 0.5132592
A15: 2022 | B15: February | C15: 82.278707 | D15: =DATE(Table1[[#This Row],[Year]],MONTH(DATEVALUE(Table1[[#This Row],[Month]]& " 1")),1) -> 44593 | E15: =(Table1[[#This Row],[Value]]-C14)/C14*100 -> 1.6762221 | G15: 2022 | H15: Feb | I15: 166.78889 | J15: =(I15-I14)/I14*100 -> 0.76525475 | K15: 165.9 | L15: =(K15-K14)/K14*100 -> 0.42372881 | M15: 166.54103 | N15: =(M15-M14)/M14*100 -> -0.13530343 | O15: 165.36667 | P15: =(O15-O14)/O14*100 -> 0.91537836 | Q15: 171.56667 | R15: =(Q15-Q14)/Q14*100 -> 0.48809059 | S15: 161.63333 | T15: =(S15-S14)/S14*100 -> 0.43496272 | U15: 165.5 | V15: =(U15-U14)/U14*100 -> 0.60790274 | W15: 163.4 | X15: =(W15-W14)/W14*100 -> 0.47140808 | Y15: 164.36667 | Z15: =(Y15-Y14)/Y14*100 -> 0.83844581 | AA15: 162.36667 | AB15: =(AA15-AA14)/AA14*100 -> 0.53663571 | AC15: 193.6 | AD15: =(AC15-AC14)/AC14*100 -> 0.2589332 | AE15: 157.06667 | AF15: =(AE15-AE14)/AE14*100 -> 0.25531915
A16: 2022 | B16: March | C16: 78.53948 | D16: =DATE(Table1[[#This Row],[Year]],MONTH(DATEVALUE(Table1[[#This Row],[Month]]& " 1")),1) -> 44621 | E16: =(Table1[[#This Row],[Value]]-C15)/C15*100 -> -4.5445858 | G16: 2022 | H16: Mar | I16: 168.45556 | J16: =(I16-I15)/I15*100 -> 0.9992672 | K16: 166.43333 | L16: =(K16-K15)/K15*100 -> 0.3214788 | M16: 168.19487 | N16: =(M16-M15)/M15*100 -> 0.9930563 | O16: 166.86667 | P16: =(O16-O15)/O15*100 -> 0.90707519 | Q16: 172.4 | R16: =(Q16-Q15)/Q15*100 -> 0.48571984 | S16: 162.63333 | T16: =(S16-S15)/S15*100 -> 0.61868426 | U16: 165.3 | V16: =(U16-U15)/U15*100 -> -0.12084592 | W16: 164.5 | X16: =(W16-W15)/W15*100 -> 0.67319461 | Y16: 167.13333 | Z16: =(Y16-Y15)/Y15*100 -> 1.6832286 | AA16: 163.56667 | AB16: =(AA16-AA15)/AA15*100 -> 0.73906795 | AC16: 194.5 | AD16: =(AC16-AC15)/AC15*100 -> 0.46487603 | AE16: 158.03333 | AF16: =(AE16-AE15)/AE15*100 -> 0.61544992
... A25: 2022 | B25: December | C25: 78.100942 | D25: =DATE(Table1[[#This Row],[Year]],MONTH(DATEVALUE(Table1[[#This Row],[Month]]& " 1")),1) -> 44896 | E25: =(Table1[[#This Row],[Value]]-C24)/C24*100 -> -10.795065 | G25: 2022 | H25: Dec | I25: 180.41111 | J25: =(I25-I24)/I24*100 -> 0.50136172 | K25: 174.4 | L25: =(K25-K24)/K24*100 -> 0.21068761 | M25: 175.80256 | N25: =(M25-M24)/M24*100 -> -0.61748974 | O25: 181.8 | P25: =(O25-O24)/O24*100 -> 0.34958602 | Q25: 180.6 | R25: =(Q25-Q24)/Q24*100 -> 0.72504183 | S25: 171.93333 | T25: =(S25-S24)/S24*100 -> 0.38925652 | U25: 170.7 | V25: =(U25-U24)/U24*100 -> -0.64027939 | W25: 171.9 | X25: =(W25-W24)/W24*100 -> 0.50672384 | Y25: 175.83333 | Z25: =(Y25-Y24)/Y24*100 -> 1.2864823 | AA25: 169.06667 | AB25: =(AA25-AA24)/AA24*100 -> 0.23715415 | AC25: 198.1 | AD25: =(AC25-AC24)/AC24*100 -> 0.21922428 | AE25: 163.53333 | AF25: =(AE25-AE24)/AE24*100 -> 0.2451982
G30: Categories | H30: Correlation
G31: {=_xlfn.UNIQUE('Broad Categroies'!B2:B27)} -> Food And Beverages | H31: =CORREL(Table1[MoM % Change],N2:N25) -> 0.053104319
G32: Tobacco and Intoxicants | H32: =CORREL(Table1[MoM % Change],AD2:AD25) -> -0.097059776
G33: Clothing and Footwear | H33: =CORREL(Table1[MoM % Change],J2:J25) -> 0.1385805
G34: Housing | H34: =CORREL(Table1[MoM % Change],V2:V25) -> 0.07532172
G35: Fuel and Light | H35: =CORREL(Table1[MoM % Change],P2:P25) -> 0.53766775
G36: Household Goods/Services | H36: =CORREL(Table1[MoM % Change],T2:T25) -> 0.069581217
G37: Health | H37: =CORREL(Table1[MoM % Change],R2:R25) -> 0.083252396
G38: Transport and Communication | H38: =CORREL(Table1[MoM % Change],AF2:AF25) -> 0.47125615
G39: Recreation and Amusement | H39: =CORREL(Table1[MoM % Change],AB2:AB25) -> 0.14567666
G40: Education | H40: =CORREL(Table1[MoM % Change],L2:L25) -> 0.10262757
G41: Personal Care/Effects | H41: =CORREL(Table1[MoM % Change],Z2:Z25) -> -0.29724975
G42: Miscellaneous | H42: =CORREL(Table1[MoM % Change],X2:X25) -> 0.30599815
